building_id,address,dataset,neighborhood,style,image_path,architectural_style,building_form,roof_type,primary_cladding,stories,alteration_level,setting,chimney_present,window,entrance,roof_features,roof_materials,additional_cladding,wall_features,landscape_features,associated_buildings,building_plan,building_category,current_use,original_use,alterations_additions,alterations_entrances,alterations_roof,alterations_cladding,alterations_windows
DIS.14425,3510 N MADISON ST,Clayton-Bungalows,Clayton,Bungalows,data/Bungalows/Bungalows - Photos/DDS.843_3510_N_MADISON_ST.hRP7Pu.jpg,Craftsman,Bungalow,Cross Hip-on-Gable,Brick,1,5 - Not Altered,Set Back from Sidewalk,No,Window 1: Window Type: Double/Single Hung; Window Features: Rowlock Sill - Paired Windows  |  Window 2: Window Type: Fixed - Unknown Window Type; Window Features: Rowlock Sill  |  Window 3: Window Type: Double/Single Hung; Window Features: Rowlock Sill,Entrance 1: Entrance Type: Porch - Full Width - Projecting; Entrance Location: Front Facade,,Shingles - Asphalt,,Brick - Polychromatic; Brick - Patterned,Denver Roll; Fence - Left Side; Fence - Rear; Fence - Right Side; Walkway - Concrete,,,Residential,Domestic – Single Dwelling,Domestic – Single Dwelling,None Visible,None Visible,None Visible,None Visible,None Visible
DIS.14425,3510 N MADISON ST,Clayton-Bungalows,Clayton,Bungalows,data/Bungalows/Bungalows - Photos/DDS.843_3510_N_MADISON_ST.Wusq3d.jpg,Craftsman,Bungalow,Cross Hip-on-Gable,Brick,1,5 - Not Altered,Set Back from Sidewalk,No,Window 1: Window Type: Double/Single Hung; Window Features: Rowlock Sill - Paired Windows  |  Window 2: Window Type: Fixed - Unknown Window Type; Window Features: Rowlock Sill  |  Window 3: Window Type: Double/Single Hung; Window Features: Rowlock Sill,Entrance 1: Entrance Type: Porch - Full Width - Projecting; Entrance Location: Front Facade,,Shingles - Asphalt,,Brick - Polychromatic; Brick - Patterned,Denver Roll; Fence - Left Side; Fence - Rear; Fence - Right Side; Walkway - Concrete,,,Residential,Domestic – Single Dwelling,Domestic – Single Dwelling,None Visible,None Visible,None Visible,None Visible,None Visible
DIS.14425,3510 N MADISON ST,Clayton-Bungalows,Clayton,Bungalows,data/Bungalows/Bungalows - Photos/DDS.843_3510_N_MADISON_ST.EBCko4.jpg,Craftsman,Bungalow,Cross Hip-on-Gable,Brick,1,5 - Not Altered,Set Back from Sidewalk,No,Window 1: Window Type: Double/Single Hung; Window Features: Rowlock Sill - Paired Windows  |  Window 2: Window Type: Fixed - Unknown Window Type; Window Features: Rowlock Sill  |  Window 3: Window Type: Double/Single Hung; Window Features: Rowlock Sill,Entrance 1: Entrance Type: Porch - Full Width - Projecting; Entrance Location: Front Facade,,Shingles - Asphalt,,Brick - Polychromatic; Brick - Patterned,Denver Roll; Fence - Left Side; Fence - Rear; Fence - Right Side; Walkway - Concrete,,,Residential,Domestic – Single Dwelling,Domestic – Single Dwelling,None Visible,None Visible,None Visible,None Visible,None Visible
DIS.14121,3224 N FILLMORE ST,Clayton-Bungalows,Clayton,Bungalows,data/Bungalows/Bungalows - Photos/DDS.504_3224_N_FILLMORE_ST.FnC_c1.jpg,Craftsman,Bungalow,Hip-on-Gable,Brick,1,5 - Not Altered,Set Back from Sidewalk,No,Window 1: Window Type: Double/Single Hung; Window Features: Divided Lights - Some - Grouped Windows - Rowlock Sill  |  Window 2: Window Type: Double/Single Hung; Window Features: Divided Lights - Some - Paired Windows - Rowlock Sill  |  Window 3: Window Type: Double/Single Hung; Window Features: Rowlock Sill  |  Window 4: Window Type: Fixed; Window Features: Divided Lights - All - Rowlock Sill,Entrance 1: Entrance Type: Porch - Partial Width - Projecting; Entrance Location: Front Facade,,Shingles - Asphalt,,Brick - Polychromatic; Brick - Patterned,Fence - Left Side; Fence - Rear; Fence - Right Side; Walkway - Concrete,Associated Building and Objects 1: Building/Object Type: Garage - Detached,,Residential,Domestic – Single Dwelling,Domestic – Single Dwelling,None Visible,None Visible,None Visible,None Visible,None Visible
DIS.14121,3224 N FILLMORE ST,Clayton-Bungalows,Clayton,Bungalows,data/Bungalows/Bungalows - Photos/DDS.504_3224_N_FILLMORE_ST.v3SAM8.jpg,Craftsman,Bungalow,Hip-on-Gable,Brick,1,5 - Not Altered,Set Back from Sidewalk,No,Window 1: Window Type: Double/Single Hung; Window Features: Divided Lights - Some - Grouped Windows - Rowlock Sill  |  Window 2: Window Type: Double/Single Hung; Window Features: Divided Lights - Some - Paired Windows - Rowlock Sill  |  Window 3: Window Type: Double/Single Hung; Window Features: Rowlock Sill  |  Window 4: Window Type: Fixed; Window Features: Divided Lights - All - Rowlock Sill,Entrance 1: Entrance Type: Porch - Partial Width - Projecting; Entrance Location: Front Facade,,Shingles - Asphalt,,Brick - Polychromatic; Brick - Patterned,Fence - Left Side; Fence - Rear; Fence - Right Side; Walkway - Concrete,Associated Building and Objects 1: Building/Object Type: Garage - Detached,,Residential,Domestic – Single Dwelling,Domestic – Single Dwelling,None Visible,None Visible,None Visible,None Visible,None Visible
DIS.14121,3224 N FILLMORE ST,Clayton-Bungalows,Clayton,Bungalows,data/Bungalows/Bungalows - Photos/DDS.504_3224_N_FILLMORE_ST.FhmeD5.jpg,Craftsman,Bungalow,Hip-on-Gable,Brick,1,5 - Not Altered,Set Back from Sidewalk,No,Window 1: Window Type: Double/Single Hung; Window Features: Divided Lights - Some - Grouped Windows - Rowlock Sill  |  Window 2: Window Type: Double/Single Hung; Window Features: Divided Lights - Some - Paired Windows - Rowlock Sill  |  Window 3: Window Type: Double/Single Hung; Window Features: Rowlock Sill  |  Window 4: Window Type: Fixed; Window Features: Divided Lights - All - Rowlock Sill,Entrance 1: Entrance Type: Porch - Partial Width - Projecting; Entrance Location: Front Facade,,Shingles - Asphalt,,Brick - Polychromatic; Brick - Patterned,Fence - Left Side; Fence - Rear; Fence - Right Side; Walkway - Concrete,Associated Building and Objects 1: Building/Object Type: Garage - Detached,,Residential,Domestic – Single Dwelling,Domestic – Single Dwelling,None Visible,None Visible,None Visible,None Visible,None Visible
DIS.13924,3237 N JOSEPHINE ST,Clayton-Bungalows,Clayton,Bungalows,data/Bungalows/Bungalows - Photos/DDS.764_3237_N_JOSEPHINE_ST.ydMjcX.jpg,Craftsman,Bungalow,Cross Gable,Brick,1-1/2,5 - Not Altered,Set Back from Sidewalk,No,Window 1: Window Type: Double/Single Hung; Window Features: Cottage Window - Rowlock Sill  |  Window 2: Window Type: Fixed; Window Features: Divided Lights - All - Dormer Window  |  Window 3: Window Type: Casement; Window Features: Rowlock Sill  |  Window 4: Window Type: Double/Single Hung; Window Features: Grouped Windows - Rowlock Sill,Entrance 1: Entrance Type: Porch - Full Width - Projecting; Entrance Location: Front Facade,,Shingles - Asphalt,,Foundation - Concrete,Driveway - Solid; Walkway - Concrete,Associated Building and Objects 1: Building/Object Type: Garage - Detached,,Residential,Domestic – Single Dwelling,Domestic – Single Dwelling,None Visible,None Visible,None Visible,None Visible,None Visible
DIS.13924,3237 N JOSEPHINE ST,Clayton-Bungalows,Clayton,Bungalows,data/Bungalows/Bungalows - Photos/DDS.764_3237_N_JOSEPHINE_ST.qgUctN.jpg,Craftsman,Bungalow,Cross Gable,Brick,1-1/2,5 - Not Altered,Set Back from Sidewalk,No,Window 1: Window Type: Double/Single Hung; Window Features: Cottage Window - Rowlock Sill  |  Window 2: Window Type: Fixed; Window Features: Divided Lights - All - Dormer Window  |  Window 3: Window Type: Casement; Window Features: Rowlock Sill  |  Window 4: Window Type: Double/Single Hung; Window Features: Grouped Windows - Rowlock Sill,Entrance 1: Entrance Type: Porch - Full Width - Projecting; Entrance Location: Front Facade,,Shingles - Asphalt,,Foundation - Concrete,Driveway - Solid; Walkway - Concrete,Associated Building and Objects 1: Building/Object Type: Garage - Detached,,Residential,Domestic – Single Dwelling,Domestic – Single Dwelling,None Visible,None Visible,None Visible,None Visible,None Visible
DIS.13924,3237 N JOSEPHINE ST,Clayton-Bungalows,Clayton,Bungalows,data/Bungalows/Bungalows - Photos/DDS.764_3237_N_JOSEPHINE_ST.a9K7fe.jpg,Craftsman,Bungalow,Cross Gable,Brick,1-1/2,5 - Not Altered,Set Back from Sidewalk,No,Window 1: Window Type: Double/Single Hung; Window Features: Cottage Window - Rowlock Sill  |  Window 2: Window Type: Fixed; Window Features: Divided Lights - All - Dormer Window  |  Window 3: Window Type: Casement; Window Features: Rowlock Sill  |  Window 4: Window Type: Double/Single Hung; Window Features: Grouped Windows - Rowlock Sill,Entrance 1: Entrance Type: Porch - Full Width - Projecting; Entrance Location: Front Facade,,Shingles - Asphalt,,Foundation - Concrete,Driveway - Solid; Walkway - Concrete,Associated Building and Objects 1: Building/Object Type: Garage - Detached,,Residential,Domestic – Single Dwelling,Domestic – Single Dwelling,None Visible,None Visible,None Visible,None Visible,None Visible
DIS.13893,3315 N JOSEPHINE ST,Clayton-Bungalows,Clayton,Bungalows,data/Bungalows/Bungalows - Photos/5DV.8097_3315_N_JOSEPHINE_ST.Z-P_l5.jpg,Craftsman,Bungalow,Cross Gable,Brick,1,5 - Not Altered,Set Back from Sidewalk,No,Window 1: Window Type: Fixed; Window Features: Rowlock Sill - Divided Lights - All  |  Window 2: Window Type: Double/Single Hung; Window Features: Rowlock Sill  |  Window 3: Window Type: Double/Single Hung; Window Features: Rowlock Sill - Grouped Windows  |  Window 4: Window Type: Double/Single Hung; Window Features: Paired Windows - Rowlock Sill,Entrance 1: Entrance Type: Porch - Partial Width - Projecting; Entrance Location: Front Facade,,Shingles - Asphalt,,Brick - Corbeled; Brick - Patterned; Shingles in Gable - Decorative,Driveway - Solid; Fence - Rear; Walkway - Concrete,Associated Building and Objects 1: Building/Object Type: Garage - Detached,,Residential,Domestic – Single Dwelling,Domestic – Single Dwelling,None Visible,None Visible,None Visible,None Visible,None Visible
DIS.13893,3315 N JOSEPHINE ST,Clayton-Bungalows,Clayton,Bungalows,data/Bungalows/Bungalows - Photos/5DV.8097_3315_N_JOSEPHINE_ST.Jvszjs.jpg,Craftsman,Bungalow,Cross Gable,Brick,1,5 - Not Altered,Set Back from Sidewalk,No,Window 1: Window Type: Fixed; Window Features: Rowlock Sill - Divided Lights - All  |  Window 2: Window Type: Double/Single Hung; Window Features: Rowlock Sill  |  Window 3: Window Type: Double/Single Hung; Window Features: Rowlock Sill - Grouped Windows  |  Window 4: Window Type: Double/Single Hung; Window Features: Paired Windows - Rowlock Sill,Entrance 1: Entrance Type: Porch - Partial Width - Projecting; Entrance Location: Front Facade,,Shingles - Asphalt,,Brick - Corbeled; Brick - Patterned; Shingles in Gable - Decorative,Driveway - Solid; Fence - Rear; Walkway - Concrete,Associated Building and Objects 1: Building/Object Type: Garage - Detached,,Residential,Domestic – Single Dwelling,Domestic – Single Dwelling,None Visible,None Visible,None Visible,None Visible,None Visible
DIS.13893,3315 N JOSEPHINE ST,Clayton-Bungalows,Clayton,Bungalows,data/Bungalows/Bungalows - Photos/5DV.8097_3315_N_JOSEPHINE_ST.Yzn3PM.jpg,Craftsman,Bungalow,Cross Gable,Brick,1,5 - Not Altered,Set Back from Sidewalk,No,Window 1: Window Type: Fixed; Window Features: Rowlock Sill - Divided Lights - All  |  Window 2: Window Type: Double/Single Hung; Window Features: Rowlock Sill  |  Window 3: Window Type: Double/Single Hung; Window Features: Rowlock Sill - Grouped Windows  |  Window 4: Window Type: Double/Single Hung; Window Features: Paired Windows - Rowlock Sill,Entrance 1: Entrance Type: Porch - Partial Width - Projecting; Entrance Location: Front Facade,,Shingles - Asphalt,,Brick - Corbeled; Brick - Patterned; Shingles in Gable - Decorative,Driveway - Solid; Fence - Rear; Walkway - Concrete,Associated Building and Objects 1: Building/Object Type: Garage - Detached,,Residential,Domestic – Single Dwelling,Domestic – Single Dwelling,None Visible,None Visible,None Visible,None Visible,None Visible
DIS.14097,3435 N FILLMORE ST,Clayton-Bungalows,Clayton,Bungalows,data/Bungalows/Bungalows - Photos/DDS.530_3435_N_FILLMORE_ST.ODddFq.jpg,Craftsman,Bungalow,Hip-on-Gable,Brick,1,5 - Not Altered,Set Back from Sidewalk,No,Window 1: Window Type: Double/Single Hung; Window Features: Divided Lights - Some - Paired Windows - Rowlock Sill  |  Window 2: Window Type: Double/Single Hung; Window Features: Divided Lights - Some - Rowlock Sill,Entrance 1: Entrance Type: Porch - Full Width - Projecting; Entrance Location: Front Facade,,Shingles - Asphalt,,Belt Course; Brick - Patterned; Foundation - Not Visible; Half-Timbering,Fence - Front; Fence - Left Side; Fence - Rear; Fence - Right Side; Walkway - Concrete; Wall - Retaining,Associated Building and Objects 1: Building/Object Type: Unknown - Not Visible,,Residential,Domestic – Single Dwelling,Domestic – Single Dwelling,None Visible,None Visible,None Visible,None Visible,None Visible
DIS.14097,3435 N FILLMORE ST,Clayton-Bungalows,Clayton,Bungalows,data/Bungalows/Bungalows - Photos/DDS.530_3435_N_FILLMORE_ST.BENSfV.jpg,Craftsman,Bungalow,Hip-on-Gable,Brick,1,5 - Not Altered,Set Back from Sidewalk,No,Window 1: Window Type: Double/Single Hung; Window Features: Divided Lights - Some - Paired Windows - Rowlock Sill  |  Window 2: Window Type: Double/Single Hung; Window Features: Divided Lights - Some - Rowlock Sill,Entrance 1: Entrance Type: Porch - Full Width - Projecting; Entrance Location: Front Facade,,Shingles - Asphalt,,Belt Course; Brick - Patterned; Foundation - Not Visible; Half-Timbering,Fence - Front; Fence - Left Side; Fence - Rear; Fence - Right Side; Walkway - Concrete; Wall - Retaining,Associated Building and Objects 1: Building/Object Type: Unknown - Not Visible,,Residential,Domestic – Single Dwelling,Domestic – Single Dwelling,None Visible,None Visible,None Visible,None Visible,None Visible
DIS.14097,3435 N FILLMORE ST,Clayton-Bungalows,Clayton,Bungalows,data/Bungalows/Bungalows - Photos/DDS.530_3435_N_FILLMORE_ST.W0OcWw.jpg,Craftsman,Bungalow,Hip-on-Gable,Brick,1,5 - Not Altered,Set Back from Sidewalk,No,Window 1: Window Type: Double/Single Hung; Window Features: Divided Lights - Some - Paired Windows - Rowlock Sill  |  Window 2: Window Type: Double/Single Hung; Window Features: Divided Lights - Some - Rowlock Sill,Entrance 1: Entrance Type: Porch - Full Width - Projecting; Entrance Location: Front Facade,,Shingles - Asphalt,,Belt Course; Brick - Patterned; Foundation - Not Visible; Half-Timbering,Fence - Front; Fence - Left Side; Fence - Rear; Fence - Right Side; Walkway - Concrete; Wall - Retaining,Associated Building and Objects 1: Building/Object Type: Unknown - Not Visible,,Residential,Domestic – Single Dwelling,Domestic – Single Dwelling,None Visible,None Visible,None Visible,None Visible,None Visible
DIS.15051,3535 N ELIZABETH ST,Clayton-Bungalows,Clayton,Bungalows,data/Bungalows/Bungalows - Photos/DDS.476_3535_N_ELIZABETH_ST.A4w4TT.jpg,No Clear Architectural Style,Bungalow,Hip-on-Gable,Brick,1,5 - Not Altered,Set Back from Sidewalk,Yes,Window 1: Window Type: Double/Single Hung; Window Location: Front Facade - Left Side; Window Features: Divided Lights - All - Rowlock Sill - Cottage Window; Window Material: Wood  |  Window 2: Window Type: Double/Single Hung; Window Location: Front Facade; Window Features: Cottage Window - Divided Lights - Some - Grouped Windows - Rowlock Sill; Window Material: Wood  |  Window 3: Window Type: Double/Single Hung; Window Location: Left Side; Window Features: Cottage Window - Divided Lights - Some - Paired Windows - Rowlock Sill; Window Material: Wood,Entrance 1: Entrance Type: Stoop - High; Entrance Location: Front Facade; Door Type: Single,Eaves - Boxed,Shingles - Asphalt,,Brick - Polychromatic; Brick - Patterned; Masonry Bay,Driveway - Solid; Fence - Left Side; Fence - Rear; Wall - Retaining; Walkway - Stone,Associated Building and Objects 1: Building/Object Type: Shed or Storage Building; Building/Object Location: Behind Primary Building; Building/Object Notes: There are at least two sheds behind the house. Date of construction unknown.,Rectangular Plan,Residential,Domestic – Single Dwelling,Domestic – Single Dwelling,None Visible,None Visible,None Visible,None Visible,None Visible
DIS.15051,3535 N ELIZABETH ST,Clayton-Bungalows,Clayton,Bungalows,data/Bungalows/Bungalows - Photos/DDS.476_3535_N_ELIZABETH_ST.TA2N2a.jpg,No Clear Architectural Style,Bungalow,Hip-on-Gable,Brick,1,5 - Not Altered,Set Back from Sidewalk,Yes,Window 1: Window Type: Double/Single Hung; Window Location: Front Facade - Left Side; Window Features: Divided Lights - All - Rowlock Sill - Cottage Window; Window Material: Wood  |  Window 2: Window Type: Double/Single Hung; Window Location: Front Facade; Window Features: Cottage Window - Divided Lights - Some - Grouped Windows - Rowlock Sill; Window Material: Wood  |  Window 3: Window Type: Double/Single Hung; Window Location: Left Side; Window Features: Cottage Window - Divided Lights - Some - Paired Windows - Rowlock Sill; Window Material: Wood,Entrance 1: Entrance Type: Stoop - High; Entrance Location: Front Facade; Door Type: Single,Eaves - Boxed,Shingles - Asphalt,,Brick - Polychromatic; Brick - Patterned; Masonry Bay,Driveway - Solid; Fence - Left Side; Fence - Rear; Wall - Retaining; Walkway - Stone,Associated Building and Objects 1: Building/Object Type: Shed or Storage Building; Building/Object Location: Behind Primary Building; Building/Object Notes: There are at least two sheds behind the house. Date of construction unknown.,Rectangular Plan,Residential,Domestic – Single Dwelling,Domestic – Single Dwelling,None Visible,None Visible,None Visible,None Visible,None Visible
DIS.15051,3535 N ELIZABETH ST,Clayton-Bungalows,Clayton,Bungalows,data/Bungalows/Bungalows - Photos/DDS.476_3535_N_ELIZABETH_ST.3f1Flr.jpg,No Clear Architectural Style,Bungalow,Hip-on-Gable,Brick,1,5 - Not Altered,Set Back from Sidewalk,Yes,Window 1: Window Type: Double/Single Hung; Window Location: Front Facade - Left Side; Window Features: Divided Lights - All - Rowlock Sill - Cottage Window; Window Material: Wood  |  Window 2: Window Type: Double/Single Hung; Window Location: Front Facade; Window Features: Cottage Window - Divided Lights - Some - Grouped Windows - Rowlock Sill; Window Material: Wood  |  Window 3: Window Type: Double/Single Hung; Window Location: Left Side; Window Features: Cottage Window - Divided Lights - Some - Paired Windows - Rowlock Sill; Window Material: Wood,Entrance 1: Entrance Type: Stoop - High; Entrance Location: Front Facade; Door Type: Single,Eaves - Boxed,Shingles - Asphalt,,Brick - Polychromatic; Brick - Patterned; Masonry Bay,Driveway - Solid; Fence - Left Side; Fence - Rear; Wall - Retaining; Walkway - Stone,Associated Building and Objects 1: Building/Object Type: Shed or Storage Building; Building/Object Location: Behind Primary Building; Building/Object Notes: There are at least two sheds behind the house. Date of construction unknown.,Rectangular Plan,Residential,Domestic – Single Dwelling,Domestic – Single Dwelling,None Visible,None Visible,None Visible,None Visible,None Visible
DIS.13905,3424 N YORK ST,Clayton-Bungalows,Clayton,Bungalows,data/Bungalows/Bungalows - Photos/DDS.1242_3424_N_YORK_ST.MRHIc0.jpg,No Clear Architectural Style,Bungalow,Hipped,Brick,1,5 - Not Altered,Set Back from Sidewalk,No,Window 1: Window Type: Casement; Window Features: Divided Lights - All - Paired Windows  |  Window 2: Window Type: Casement; Window Features: Divided Lights - Some - Grouped Windows,Entrance 1: Entrance Type: Porch - Partial Width - Projecting; Entrance Location: Front Facade,,Shingles - Asphalt,,Gable Vents; Shutters,Fence - Front; Walkway - Concrete,,,Residential,Domestic – Single Dwelling,Domestic – Single Dwelling,None Visible,None Visible,None Visible,None Visible,None Visible
DIS.13905,3424 N YORK ST,Clayton-Bungalows,Clayton,Bungalows,data/Bungalows/Bungalows - Photos/DDS.1242_3424_N_YORK_ST.5BPDU_.jpg,No Clear Architectural Style,Bungalow,Hipped,Brick,1,5 - Not Altered,Set Back from Sidewalk,No,Window 1: Window Type: Casement; Window Features: Divided Lights - All - Paired Windows  |  Window 2: Window Type: Casement; Window Features: Divided Lights - Some - Grouped Windows,Entrance 1: Entrance Type: Porch - Partial Width - Projecting; Entrance Location: Front Facade,,Shingles - Asphalt,,Gable Vents; Shutters,Fence - Front; Walkway - Concrete,,,Residential,Domestic – Single Dwelling,Domestic – Single Dwelling,None Visible,None Visible,None Visible,None Visible,None Visible
DIS.13905,3424 N YORK ST,Clayton-Bungalows,Clayton,Bungalows,data/Bungalows/Bungalows - Photos/DDS.1242_3424_N_YORK_ST.o6qIfi.jpg,No Clear Architectural Style,Bungalow,Hipped,Brick,1,5 - Not Altered,Set Back from Sidewalk,No,Window 1: Window Type: Casement; Window Features: Divided Lights - All - Paired Windows  |  Window 2: Window Type: Casement; Window Features: Divided Lights - Some - Grouped Windows,Entrance 1: Entrance Type: Porch - Partial Width - Projecting; Entrance Location: Front Facade,,Shingles - Asphalt,,Gable Vents; Shutters,Fence - Front; Walkway - Concrete,,,Residential,Domestic – Single Dwelling,Domestic – Single Dwelling,None Visible,None Visible,None Visible,None Visible,None Visible
DIS.13905,3424 N YORK ST,Clayton-Bungalows,Clayton,Bungalows,data/Bungalows/Bungalows - Photos/DDS.1242_3424_N_YORK_ST._4yMTL.jpg,No Clear Architectural Style,Bungalow,Hipped,Brick,1,5 - Not Altered,Set Back from Sidewalk,No,Window 1: Window Type: Casement; Window Features: Divided Lights - All - Paired Windows  |  Window 2: Window Type: Casement; Window Features: Divided Lights - Some - Grouped Windows,Entrance 1: Entrance Type: Porch - Partial Width - Projecting; Entrance Location: Front Facade,,Shingles - Asphalt,,Gable Vents; Shutters,Fence - Front; Walkway - Concrete,,,Residential,Domestic – Single Dwelling,Domestic – Single Dwelling,None Visible,None Visible,None Visible,None Visible,None Visible
DIS.15056,3551 N ELIZABETH ST,Clayton-Bungalows,Clayton,Bungalows,data/Bungalows/Bungalows - Photos/DDS.481_3551_N_ELIZABETH_ST.H5gmFO.jpg,Craftsman,Bungalow,Hipped,Brick,1,5 - Not Altered,Set Back from Sidewalk,No,Window 1: Window Type: Fixed - Casement; Window Features: Rowlock Sill - Tripartite Window  |  Window 2: Window Type: Double/Single Hung; Window Features: Rowlock Sill  |  Window 3: Window Type: Casement; Window Features: Rowlock Sill  |  Window 4: Window Type: Fixed; Window Features: Rowlock Sill  |  Window 5: Window Type: Fixed; Window Features: Grouped Windows  |  Window 6: Window Type: Fixed; Window Features: None,Entrance 1: Entrance Type: Porch - Partial Width - Recessed; Entrance Location: Front Facade,,Shingles - Asphalt,,Brick - Polychromatic; Brick - Patterned,Fence - Rear; Walkway - Concrete,Associated Building and Objects 1: Building/Object Notes: Possibly historic.; Building/Object Type: Garage - Detached,,Residential,Domestic – Single Dwelling,Domestic – Single Dwelling,None Visible,None Visible,None Visible,None Visible,None Visible
DIS.15056,3551 N ELIZABETH ST,Clayton-Bungalows,Clayton,Bungalows,data/Bungalows/Bungalows - Photos/DDS.481_3551_N_ELIZABETH_ST.oDL8jD.jpg,Craftsman,Bungalow,Hipped,Brick,1,5 - Not Altered,Set Back from Sidewalk,No,Window 1: Window Type: Fixed - Casement; Window Features: Rowlock Sill - Tripartite Window  |  Window 2: Window Type: Double/Single Hung; Window Features: Rowlock Sill  |  Window 3: Window Type: Casement; Window Features: Rowlock Sill  |  Window 4: Window Type: Fixed; Window Features: Rowlock Sill  |  Window 5: Window Type: Fixed; Window Features: Grouped Windows  |  Window 6: Window Type: Fixed; Window Features: None,Entrance 1: Entrance Type: Porch - Partial Width - Recessed; Entrance Location: Front Facade,,Shingles - Asphalt,,Brick - Polychromatic; Brick - Patterned,Fence - Rear; Walkway - Concrete,Associated Building and Objects 1: Building/Object Notes: Possibly historic.; Building/Object Type: Garage - Detached,,Residential,Domestic – Single Dwelling,Domestic – Single Dwelling,None Visible,None Visible,None Visible,None Visible,None Visible
DIS.15056,3551 N ELIZABETH ST,Clayton-Bungalows,Clayton,Bungalows,data/Bungalows/Bungalows - Photos/DDS.481_3551_N_ELIZABETH_ST.iFKx8S.jpg,Craftsman,Bungalow,Hipped,Brick,1,5 - Not Altered,Set Back from Sidewalk,No,Window 1: Window Type: Fixed - Casement; Window Features: Rowlock Sill - Tripartite Window  |  Window 2: Window Type: Double/Single Hung; Window Features: Rowlock Sill  |  Window 3: Window Type: Casement; Window Features: Rowlock Sill  |  Window 4: Window Type: Fixed; Window Features: Rowlock Sill  |  Window 5: Window Type: Fixed; Window Features: Grouped Windows  |  Window 6: Window Type: Fixed; Window Features: None,Entrance 1: Entrance Type: Porch - Partial Width - Recessed; Entrance Location: Front Facade,,Shingles - Asphalt,,Brick - Polychromatic; Brick - Patterned,Fence - Rear; Walkway - Concrete,Associated Building and Objects 1: Building/Object Notes: Possibly historic.; Building/Object Type: Garage - Detached,,Residential,Domestic – Single Dwelling,Domestic – Single Dwelling,None Visible,None Visible,None Visible,None Visible,None Visible
DIS.23019,445 N JULIAN ST,Barnum-MinimalTraditional,Barnum,Minimal Traditional,data/Minimal Traditional/Minimal Traditional - Photos/DIS.23019_445_N_JULIAN_ST.20VSxB.jpg,No Clear Architectural Style,Minimal Traditional,Cross Gable,Siding - Aluminum,1,5 - Not Altered,Set Back from Sidewalk,No,Window 1: Window Type: Unknown Window Type; Window Features: Divided Lights - All - Slot Window  |  Window 2: Window Type: Double/Single Hung; Window Features: Divided Lights - All  |  Window 3: Window Type: Fixed; Window Features: Picture Window,Entrance 1: Entrance Type: Stoop - Low; Entrance Location: Front Facade,,Shingles - Asphalt,,,Fence - Left Side; Walkway - Concrete; Wall - Retaining; Fence - Rear,,,Residential,Domestic – Single Dwelling,Domestic – Single Dwelling,None Visible,None Visible,None Visible,None Visible,None Visible
DIS.23019,445 N JULIAN ST,Barnum-MinimalTraditional,Barnum,Minimal Traditional,data/Minimal Traditional/Minimal Traditional - Photos/DIS.23019_445_N_JULIAN_ST.jk4iI9.jpg,No Clear Architectural Style,Minimal Traditional,Cross Gable,Siding - Aluminum,1,5 - Not Altered,Set Back from Sidewalk,No,Window 1: Window Type: Unknown Window Type; Window Features: Divided Lights - All - Slot Window  |  Window 2: Window Type: Double/Single Hung; Window Features: Divided Lights - All  |  Window 3: Window Type: Fixed; Window Features: Picture Window,Entrance 1: Entrance Type: Stoop - Low; Entrance Location: Front Facade,,Shingles - Asphalt,,,Fence - Left Side; Walkway - Concrete; Wall - Retaining; Fence - Rear,,,Residential,Domestic – Single Dwelling,Domestic – Single Dwelling,None Visible,None Visible,None Visible,None Visible,None Visible
DIS.23019,445 N JULIAN ST,Barnum-MinimalTraditional,Barnum,Minimal Traditional,data/Minimal Traditional/Minimal Traditional - Photos/DIS.23019_445_N_JULIAN_ST.PvGBzl.jpg,No Clear Architectural Style,Minimal Traditional,Cross Gable,Siding - Aluminum,1,5 - Not Altered,Set Back from Sidewalk,No,Window 1: Window Type: Unknown Window Type; Window Features: Divided Lights - All - Slot Window  |  Window 2: Window Type: Double/Single Hung; Window Features: Divided Lights - All  |  Window 3: Window Type: Fixed; Window Features: Picture Window,Entrance 1: Entrance Type: Stoop - Low; Entrance Location: Front Facade,,Shingles - Asphalt,,,Fence - Left Side; Walkway - Concrete; Wall - Retaining; Fence - Rear,,,Residential,Domestic – Single Dwelling,Domestic – Single Dwelling,None Visible,None Visible,None Visible,None Visible,None Visible
DIS.23013,3525 W 4TH AVE,Barnum-MinimalTraditional,Barnum,Minimal Traditional,data/Minimal Traditional/Minimal Traditional - Photos/DIS.23013_3525_W_4TH_AVE.mefNKS.jpg,No Clear Architectural Style,Minimal Traditional,Hipped,Shingles - Asbestos,1,5 - Not Altered,Set Back from Sidewalk,No,Window 1: Window Type: Fixed; Window Features: Picture Window  |  Window 2: Window Type: Double/Single Hung; Window Features: None,Entrance 1: Entrance Type: Stoop - High; Entrance Location: Front Facade  |  Entrance 2: Entrance Type: Stoop - High; Entrance Location: Left Side,,Shingles - Asphalt,,Awnings; Foundation - Concrete,Walkway - Concrete; Wall - Retaining,Associated Building and Objects 1: Building/Object Type: Garage - Detached,,Residential,Domestic – Single Dwelling,Domestic – Single Dwelling,None Visible,None Visible,None Visible,None Visible,None Visible
DIS.23013,3525 W 4TH AVE,Barnum-MinimalTraditional,Barnum,Minimal Traditional,data/Minimal Traditional/Minimal Traditional - Photos/DIS.23013_3525_W_4TH_AVE.WSHnz5.jpg,No Clear Architectural Style,Minimal Traditional,Hipped,Shingles - Asbestos,1,5 - Not Altered,Set Back from Sidewalk,No,Window 1: Window Type: Fixed; Window Features: Picture Window  |  Window 2: Window Type: Double/Single Hung; Window Features: None,Entrance 1: Entrance Type: Stoop - High; Entrance Location: Front Facade  |  Entrance 2: Entrance Type: Stoop - High; Entrance Location: Left Side,,Shingles - Asphalt,,Awnings; Foundation - Concrete,Walkway - Concrete; Wall - Retaining,Associated Building and Objects 1: Building/Object Type: Garage - Detached,,Residential,Domestic – Single Dwelling,Domestic – Single Dwelling,None Visible,None Visible,None Visible,None Visible,None Visible
DIS.23013,3525 W 4TH AVE,Barnum-MinimalTraditional,Barnum,Minimal Traditional,data/Minimal Traditional/Minimal Traditional - Photos/DIS.23013_3525_W_4TH_AVE.7VJ4ZK.jpg,No Clear Architectural Style,Minimal Traditional,Hipped,Shingles - Asbestos,1,5 - Not Altered,Set Back from Sidewalk,No,Window 1: Window Type: Fixed; Window Features: Picture Window  |  Window 2: Window Type: Double/Single Hung; Window Features: None,Entrance 1: Entrance Type: Stoop - High; Entrance Location: Front Facade  |  Entrance 2: Entrance Type: Stoop - High; Entrance Location: Left Side,,Shingles - Asphalt,,Awnings; Foundation - Concrete,Walkway - Concrete; Wall - Retaining,Associated Building and Objects 1: Building/Object Type: Garage - Detached,,Residential,Domestic – Single Dwelling,Domestic – Single Dwelling,None Visible,None Visible,None Visible,None Visible,None Visible
DIS.23492,143 N OSCEOLA ST,Barnum-MinimalTraditional,Barnum,Minimal Traditional,data/Minimal Traditional/Minimal Traditional - Photos/DIS.23492_143_N_OSCEOLA_ST.3mAxsj.jpg,No Clear Architectural Style,Minimal Traditional,Hipped,"Siding - Horizontal, Unknown Material",1,5 - Not Altered,Set Back from Sidewalk,No,Window 1: Window Type: Casement - Fixed; Window Features: Divided Lights - Some - Tripartite Window,Entrance 1: Entrance Type: Stoop - Low; Entrance Location: Left Side,,Shingles - Asphalt,,Foundation - Concrete,Driveway - Solid; Fence - Left Side; Fence - Rear; Fence - Right Side,Associated Building and Objects 1: Building/Object Type: Shed or Storage Building,,Residential,Domestic – Single Dwelling,Domestic – Single Dwelling,None Visible,None Visible,None Visible,None Visible,None Visible
DIS.23492,143 N OSCEOLA ST,Barnum-MinimalTraditional,Barnum,Minimal Traditional,data/Minimal Traditional/Minimal Traditional - Photos/DIS.23492_143_N_OSCEOLA_ST._MTyVB.jpg,No Clear Architectural Style,Minimal Traditional,Hipped,"Siding - Horizontal, Unknown Material",1,5 - Not Altered,Set Back from Sidewalk,No,Window 1: Window Type: Casement - Fixed; Window Features: Divided Lights - Some - Tripartite Window,Entrance 1: Entrance Type: Stoop - Low; Entrance Location: Left Side,,Shingles - Asphalt,,Foundation - Concrete,Driveway - Solid; Fence - Left Side; Fence - Rear; Fence - Right Side,Associated Building and Objects 1: Building/Object Type: Shed or Storage Building,,Residential,Domestic – Single Dwelling,Domestic – Single Dwelling,None Visible,None Visible,None Visible,None Visible,None Visible
DIS.23492,143 N OSCEOLA ST,Barnum-MinimalTraditional,Barnum,Minimal Traditional,data/Minimal Traditional/Minimal Traditional - Photos/DIS.23492_143_N_OSCEOLA_ST.DO1FV1.jpg,No Clear Architectural Style,Minimal Traditional,Hipped,"Siding - Horizontal, Unknown Material",1,5 - Not Altered,Set Back from Sidewalk,No,Window 1: Window Type: Casement - Fixed; Window Features: Divided Lights - Some - Tripartite Window,Entrance 1: Entrance Type: Stoop - Low; Entrance Location: Left Side,,Shingles - Asphalt,,Foundation - Concrete,Driveway - Solid; Fence - Left Side; Fence - Rear; Fence - Right Side,Associated Building and Objects 1: Building/Object Type: Shed or Storage Building,,Residential,Domestic – Single Dwelling,Domestic – Single Dwelling,None Visible,None Visible,None Visible,None Visible,None Visible
DIS.23200,135 S OSCEOLA ST,Barnum-MinimalTraditional,Barnum,Minimal Traditional,data/Minimal Traditional/Minimal Traditional - Photos/DIS.23200_135_S_OSCEOLA_ST.s-lPd-.jpg,No Clear Architectural Style,Minimal Traditional,Hipped,Stucco - Historic,1,5 - Not Altered,Set Back from Sidewalk,No,Window 1: Window Type: Fixed - Clerestory; Window Features: Paired Windows - Rowlock Sill - Transom  |  Window 2: Window Type: Hopper/Awning; Window Features: Divided Lights - All,Entrance 1: Entrance Type: Porch - Partial Width - Projecting; Entrance Location: Front Facade,,Shingles - Asphalt,,,Fence - Front; Fence - Left Side; Fence - Right Side; Walkway - Concrete,Associated Building and Objects 1: Building/Object Type: Garage - Detached,,Residential,Domestic – Single Dwelling,Domestic – Single Dwelling,None Visible,None Visible,None Visible,None Visible,None Visible
DIS.23200,135 S OSCEOLA ST,Barnum-MinimalTraditional,Barnum,Minimal Traditional,data/Minimal Traditional/Minimal Traditional - Photos/DIS.23200_135_S_OSCEOLA_ST.85Qdx_.jpg,No Clear Architectural Style,Minimal Traditional,Hipped,Stucco - Historic,1,5 - Not Altered,Set Back from Sidewalk,No,Window 1: Window Type: Fixed - Clerestory; Window Features: Paired Windows - Rowlock Sill - Transom  |  Window 2: Window Type: Hopper/Awning; Window Features: Divided Lights - All,Entrance 1: Entrance Type: Porch - Partial Width - Projecting; Entrance Location: Front Facade,,Shingles - Asphalt,,,Fence - Front; Fence - Left Side; Fence - Right Side; Walkway - Concrete,Associated Building and Objects 1: Building/Object Type: Garage - Detached,,Residential,Domestic – Single Dwelling,Domestic – Single Dwelling,None Visible,None Visible,None Visible,None Visible,None Visible
DIS.23200,135 S OSCEOLA ST,Barnum-MinimalTraditional,Barnum,Minimal Traditional,data/Minimal Traditional/Minimal Traditional - Photos/DIS.23200_135_S_OSCEOLA_ST.3_gLMh.jpg,No Clear Architectural Style,Minimal Traditional,Hipped,Stucco - Historic,1,5 - Not Altered,Set Back from Sidewalk,No,Window 1: Window Type: Fixed - Clerestory; Window Features: Paired Windows - Rowlock Sill - Transom  |  Window 2: Window Type: Hopper/Awning; Window Features: Divided Lights - All,Entrance 1: Entrance Type: Porch - Partial Width - Projecting; Entrance Location: Front Facade,,Shingles - Asphalt,,,Fence - Front; Fence - Left Side; Fence - Right Side; Walkway - Concrete,Associated Building and Objects 1: Building/Object Type: Garage - Detached,,Residential,Domestic – Single Dwelling,Domestic – Single Dwelling,None Visible,None Visible,None Visible,None Visible,None Visible
DIS.15211,3655 N SAINT PAUL ST,Clayton-MinimalTraditional,Clayton,Minimal Traditional,data/Minimal Traditional/Minimal Traditional - Photos/DDS.1107_3655_N_SAINT_PAUL_ST.7MV93f.jpg,No Clear Architectural Style,Minimal Traditional,Cross Gable,Concrete - Block,1,5 - Not Altered,Corner; Set Back from Sidewalk,No,Window 1: Window Type: Double/Single Hung; Window Features: Rowlock Sill,Entrance 1: Entrance Location: Front Facade; Entrance Type: Porch - Partial Width - Projecting  |  Entrance 2: Entrance Type: Flush Door - No Porch or Stoop; Entrance Location: Rear,,Shingles - Asphalt,,Awnings; Foundation - Concrete,Fence - Front; Fence - Left Side; Fence - Rear; Fence - Right Side; Walkway - Concrete,,,Residential,Domestic – Single Dwelling,Domestic – Single Dwelling,None Visible,None Visible,None Visible,None Visible,None Visible
DIS.15211,3655 N SAINT PAUL ST,Clayton-MinimalTraditional,Clayton,Minimal Traditional,data/Minimal Traditional/Minimal Traditional - Photos/DDS.1107_3655_N_SAINT_PAUL_ST.3X0Ey3.jpg,No Clear Architectural Style,Minimal Traditional,Cross Gable,Concrete - Block,1,5 - Not Altered,Corner; Set Back from Sidewalk,No,Window 1: Window Type: Double/Single Hung; Window Features: Rowlock Sill,Entrance 1: Entrance Location: Front Facade; Entrance Type: Porch - Partial Width - Projecting  |  Entrance 2: Entrance Type: Flush Door - No Porch or Stoop; Entrance Location: Rear,,Shingles - Asphalt,,Awnings; Foundation - Concrete,Fence - Front; Fence - Left Side; Fence - Rear; Fence - Right Side; Walkway - Concrete,,,Residential,Domestic – Single Dwelling,Domestic – Single Dwelling,None Visible,None Visible,None Visible,None Visible,None Visible
DIS.15211,3655 N SAINT PAUL ST,Clayton-MinimalTraditional,Clayton,Minimal Traditional,data/Minimal Traditional/Minimal Traditional - Photos/DDS.1107_3655_N_SAINT_PAUL_ST.ohFa6v.jpg,No Clear Architectural Style,Minimal Traditional,Cross Gable,Concrete - Block,1,5 - Not Altered,Corner; Set Back from Sidewalk,No,Window 1: Window Type: Double/Single Hung; Window Features: Rowlock Sill,Entrance 1: Entrance Location: Front Facade; Entrance Type: Porch - Partial Width - Projecting  |  Entrance 2: Entrance Type: Flush Door - No Porch or Stoop; Entrance Location: Rear,,Shingles - Asphalt,,Awnings; Foundation - Concrete,Fence - Front; Fence - Left Side; Fence - Rear; Fence - Right Side; Walkway - Concrete,,,Residential,Domestic – Single Dwelling,Domestic – Single Dwelling,None Visible,None Visible,None Visible,None Visible,None Visible
DIS.15211,3655 N SAINT PAUL ST,Clayton-MinimalTraditional,Clayton,Minimal Traditional,data/Minimal Traditional/Minimal Traditional - Photos/DDS.1107_3655_N_SAINT_PAUL_ST.I-4i2w.jpg,No Clear Architectural Style,Minimal Traditional,Cross Gable,Concrete - Block,1,5 - Not Altered,Corner; Set Back from Sidewalk,No,Window 1: Window Type: Double/Single Hung; Window Features: Rowlock Sill,Entrance 1: Entrance Location: Front Facade; Entrance Type: Porch - Partial Width - Projecting  |  Entrance 2: Entrance Type: Flush Door - No Porch or Stoop; Entrance Location: Rear,,Shingles - Asphalt,,Awnings; Foundation - Concrete,Fence - Front; Fence - Left Side; Fence - Rear; Fence - Right Side; Walkway - Concrete,,,Residential,Domestic – Single Dwelling,Domestic – Single Dwelling,None Visible,None Visible,None Visible,None Visible,None Visible
DIS.14729,3608 N MADISON ST,Clayton-MinimalTraditional,Clayton,Minimal Traditional,data/Minimal Traditional/Minimal Traditional - Photos/DDS.850_3608_N_MADISON_ST.OXzZMR.jpg,No Clear Architectural Style,Minimal Traditional,Hipped,Concrete - Block,1,5 - Not Altered,Set Back from Sidewalk,No,Window 1: Window Type: Casement - Fixed; Window Features: Rowlock Sill - Transom - Grouped Windows  |  Window 2: Window Type: Casement - Fixed; Window Features: Paired Windows - Rowlock Sill,Entrance 1: Entrance Location: Front Facade; Entrance Type: Stoop - Low  |  Entrance 2: Entrance Type: Unknown - Not Visible; Entrance Location: Left Side,,Shingles - Asphalt,,Shutters,Walkway - Concrete,,,Residential,Domestic – Single Dwelling,Domestic – Single Dwelling,Access Ramp Added,None Visible,None Visible,None Visible,None Visible
DIS.14729,3608 N MADISON ST,Clayton-MinimalTraditional,Clayton,Minimal Traditional,data/Minimal Traditional/Minimal Traditional - Photos/DDS.850_3608_N_MADISON_ST.qKqxn2.jpg,No Clear Architectural Style,Minimal Traditional,Hipped,Concrete - Block,1,5 - Not Altered,Set Back from Sidewalk,No,Window 1: Window Type: Casement - Fixed; Window Features: Rowlock Sill - Transom - Grouped Windows  |  Window 2: Window Type: Casement - Fixed; Window Features: Paired Windows - Rowlock Sill,Entrance 1: Entrance Location: Front Facade; Entrance Type: Stoop - Low  |  Entrance 2: Entrance Type: Unknown - Not Visible; Entrance Location: Left Side,,Shingles - Asphalt,,Shutters,Walkway - Concrete,,,Residential,Domestic – Single Dwelling,Domestic – Single Dwelling,Access Ramp Added,None Visible,None Visible,None Visible,None Visible
DIS.14636,3911 N COLORADO BLVD,Clayton-MinimalTraditional,Clayton,Minimal Traditional,data/Minimal Traditional/Minimal Traditional - Photos/5DV.11376_3911_N_COLORADO_BLVD.-r2GoD.jpg,No Clear Architectural Style,Minimal Traditional,Cross Gable,Concrete - Block,1,5 - Not Altered,Set Back from Sidewalk,No,Window 1: Window Type: Casement - Fixed; Window Features: Paired Windows - Rowlock Sill - Transom - Divided Lights - Some  |  Window 2: Window Type: Casement - Fixed; Window Features: Transom - Tripartite Window - Rowlock Sill  |  Window 3: Window Type: Casement - Fixed; Window Features: Rowlock Sill - Grouped Windows,Entrance 1: Entrance Type: Porch - Partial Width - Recessed; Entrance Location: Front Facade,,Shingles - Asphalt,,Foundation - Concrete,Fence - Front; Fence - Left Side; Fence - Right Side; Walkway - Concrete,,,Residential,Domestic – Single Dwelling,Domestic – Single Dwelling,None Visible,None Visible,None Visible,None Visible,None Visible
DIS.14636,3911 N COLORADO BLVD,Clayton-MinimalTraditional,Clayton,Minimal Traditional,data/Minimal Traditional/Minimal Traditional - Photos/5DV.11376_3911_N_COLORADO_BLVD.MW07g9.jpg,No Clear Architectural Style,Minimal Traditional,Cross Gable,Concrete - Block,1,5 - Not Altered,Set Back from Sidewalk,No,Window 1: Window Type: Casement - Fixed; Window Features: Paired Windows - Rowlock Sill - Transom - Divided Lights - Some  |  Window 2: Window Type: Casement - Fixed; Window Features: Transom - Tripartite Window - Rowlock Sill  |  Window 3: Window Type: Casement - Fixed; Window Features: Rowlock Sill - Grouped Windows,Entrance 1: Entrance Type: Porch - Partial Width - Recessed; Entrance Location: Front Facade,,Shingles - Asphalt,,Foundation - Concrete,Fence - Front; Fence - Left Side; Fence - Right Side; Walkway - Concrete,,,Residential,Domestic – Single Dwelling,Domestic – Single Dwelling,None Visible,None Visible,None Visible,None Visible,None Visible
DIS.14636,3911 N COLORADO BLVD,Clayton-MinimalTraditional,Clayton,Minimal Traditional,data/Minimal Traditional/Minimal Traditional - Photos/5DV.11376_3911_N_COLORADO_BLVD.eZR9K_.jpg,No Clear Architectural Style,Minimal Traditional,Cross Gable,Concrete - Block,1,5 - Not Altered,Set Back from Sidewalk,No,Window 1: Window Type: Casement - Fixed; Window Features: Paired Windows - Rowlock Sill - Transom - Divided Lights - Some  |  Window 2: Window Type: Casement - Fixed; Window Features: Transom - Tripartite Window - Rowlock Sill  |  Window 3: Window Type: Casement - Fixed; Window Features: Rowlock Sill - Grouped Windows,Entrance 1: Entrance Type: Porch - Partial Width - Recessed; Entrance Location: Front Facade,,Shingles - Asphalt,,Foundation - Concrete,Fence - Front; Fence - Left Side; Fence - Right Side; Walkway - Concrete,,,Residential,Domestic – Single Dwelling,Domestic – Single Dwelling,None Visible,None Visible,None Visible,None Visible,None Visible
DIS.15141,3521 N MILWAUKEE ST,Clayton-MinimalTraditional,Clayton,Minimal Traditional,data/Minimal Traditional/Minimal Traditional - Photos/DDS.937_3521_N_MILWAUKEE_ST.JmrI2l.jpg,No Clear Architectural Style,Minimal Traditional,Hipped,Brick,1,5 - Not Altered,Set Back from Sidewalk,No,Window 1: Window Type: Fixed; Window Features: Grouped Windows  |  Window 2: Window Type: Casement - Fixed; Window Features: Grouped Windows - Paired Windows - Rowlock Sill - Transom  |  Window 3: Window Type: Fixed; Window Features: Divided Lights - All  |  Window 4: Window Type: Hopper/Awning; Window Features: None  |  Window 5: Window Type: Casement - Fixed; Window Features: Paired Windows - Rowlock Sill,Entrance 1: Entrance Type: Stoop - High; Entrance Location: Left Side,,Shingles - Asphalt,,Brick - Polychromatic,Driveway - Solid; Fence - Rear,Associated Building and Objects 1: Building/Object Type: Shed or Storage Building  |  Associated Building and Objects 2: Building/Object Type: Garage – Attached,,Residential,Domestic – Single Dwelling,Domestic – Single Dwelling,None Visible,None Visible,None Visible,None Visible,None Visible
DIS.15141,3521 N MILWAUKEE ST,Clayton-MinimalTraditional,Clayton,Minimal Traditional,data/Minimal Traditional/Minimal Traditional - Photos/DDS.937_3521_N_MILWAUKEE_ST.rYbDLB.jpg,No Clear Architectural Style,Minimal Traditional,Hipped,Brick,1,5 - Not Altered,Set Back from Sidewalk,No,Window 1: Window Type: Fixed; Window Features: Grouped Windows  |  Window 2: Window Type: Casement - Fixed; Window Features: Grouped Windows - Paired Windows - Rowlock Sill - Transom  |  Window 3: Window Type: Fixed; Window Features: Divided Lights - All  |  Window 4: Window Type: Hopper/Awning; Window Features: None  |  Window 5: Window Type: Casement - Fixed; Window Features: Paired Windows - Rowlock Sill,Entrance 1: Entrance Type: Stoop - High; Entrance Location: Left Side,,Shingles - Asphalt,,Brick - Polychromatic,Driveway - Solid; Fence - Rear,Associated Building and Objects 1: Building/Object Type: Shed or Storage Building  |  Associated Building and Objects 2: Building/Object Type: Garage – Attached,,Residential,Domestic – Single Dwelling,Domestic – Single Dwelling,None Visible,None Visible,None Visible,None Visible,None Visible
DIS.14629,3855 N COLORADO BLVD,Clayton-MinimalTraditional,Clayton,Minimal Traditional,data/Minimal Traditional/Minimal Traditional - Photos/DDS.276_3855_N_COLORADO_BLVD.0tOeWy.jpg,No Clear Architectural Style,Minimal Traditional,Hipped,Concrete - Block,1,5 - Not Altered,Set Back from Sidewalk,No,Window 1: Window Type: Casement - Fixed; Window Features: Rowlock Sill - Transom - Paired Windows  |  Window 2: Window Type: Fixed - Casement; Window Features: Rowlock Sill - Tripartite Window - Transom  |  Window 3: Window Type: Fixed - Casement; Window Features: Grouped Windows - Rowlock Sill,Entrance 1: Entrance Type: Porch - Partial Width - Recessed; Entrance Location: Front Facade,,Shingles - Asphalt,,,Walkway - Concrete; Driveway - Unpaved,,,Residential,Domestic – Single Dwelling,Domestic – Single Dwelling,None Visible,None Visible,None Visible,None Visible,None Visible
DIS.14629,3855 N COLORADO BLVD,Clayton-MinimalTraditional,Clayton,Minimal Traditional,data/Minimal Traditional/Minimal Traditional - Photos/DDS.276_3855_N_COLORADO_BLVD.jbMV_l.jpg,No Clear Architectural Style,Minimal Traditional,Hipped,Concrete - Block,1,5 - Not Altered,Set Back from Sidewalk,No,Window 1: Window Type: Casement - Fixed; Window Features: Rowlock Sill - Transom - Paired Windows  |  Window 2: Window Type: Fixed - Casement; Window Features: Rowlock Sill - Tripartite Window - Transom  |  Window 3: Window Type: Fixed - Casement; Window Features: Grouped Windows - Rowlock Sill,Entrance 1: Entrance Type: Porch - Partial Width - Recessed; Entrance Location: Front Facade,,Shingles - Asphalt,,,Walkway - Concrete; Driveway - Unpaved,,,Residential,Domestic – Single Dwelling,Domestic – Single Dwelling,None Visible,None Visible,None Visible,None Visible,None Visible
DIS.14629,3855 N COLORADO BLVD,Clayton-MinimalTraditional,Clayton,Minimal Traditional,data/Minimal Traditional/Minimal Traditional - Photos/DDS.276_3855_N_COLORADO_BLVD.EEP_RG.jpg,No Clear Architectural Style,Minimal Traditional,Hipped,Concrete - Block,1,5 - Not Altered,Set Back from Sidewalk,No,Window 1: Window Type: Casement - Fixed; Window Features: Rowlock Sill - Transom - Paired Windows  |  Window 2: Window Type: Fixed - Casement; Window Features: Rowlock Sill - Tripartite Window - Transom  |  Window 3: Window Type: Fixed - Casement; Window Features: Grouped Windows - Rowlock Sill,Entrance 1: Entrance Type: Porch - Partial Width - Recessed; Entrance Location: Front Facade,,Shingles - Asphalt,,,Walkway - Concrete; Driveway - Unpaved,,,Residential,Domestic – Single Dwelling,Domestic – Single Dwelling,None Visible,None Visible,None Visible,None Visible,None Visible
DIS.15178,3750 N MILWAUKEE ST,Clayton-MinimalTraditional,Clayton,Minimal Traditional,data/Minimal Traditional/Minimal Traditional - Photos/DDS.971_3750_N_MILWAUKEE_ST.xbMWvG.jpg,No Clear Architectural Style,Minimal Traditional,Hipped,Concrete - Block,1,5 - Not Altered,Set Back from Sidewalk,No,Window 1: Window Type: Casement - Fixed; Window Features: Rowlock Sill - Tripartite Window - Transom  |  Window 2: Window Type: Casement - Fixed; Window Features: Rowlock Sill - Transom - Grouped Windows,Entrance 1: Entrance Type: Stoop - Low; Entrance Location: Front Facade,,Shingles - Asphalt,,Foundation - Concrete; Shutters,Walkway - Concrete; Fence - Rear,Associated Building and Objects 1: Building/Object Type: Garage - Detached,,Residential,Domestic – Single Dwelling,Domestic – Single Dwelling,None Visible,None Visible,None Visible,None Visible,None Visible
DIS.15178,3750 N MILWAUKEE ST,Clayton-MinimalTraditional,Clayton,Minimal Traditional,data/Minimal Traditional/Minimal Traditional - Photos/DDS.971_3750_N_MILWAUKEE_ST.9QSug1.jpg,No Clear Architectural Style,Minimal Traditional,Hipped,Concrete - Block,1,5 - Not Altered,Set Back from Sidewalk,No,Window 1: Window Type: Casement - Fixed; Window Features: Rowlock Sill - Tripartite Window - Transom  |  Window 2: Window Type: Casement - Fixed; Window Features: Rowlock Sill - Transom - Grouped Windows,Entrance 1: Entrance Type: Stoop - Low; Entrance Location: Front Facade,,Shingles - Asphalt,,Foundation - Concrete; Shutters,Walkway - Concrete; Fence - Rear,Associated Building and Objects 1: Building/Object Type: Garage - Detached,,Residential,Domestic – Single Dwelling,Domestic – Single Dwelling,None Visible,None Visible,None Visible,None Visible,None Visible
DIS.15178,3750 N MILWAUKEE ST,Clayton-MinimalTraditional,Clayton,Minimal Traditional,data/Minimal Traditional/Minimal Traditional - Photos/DDS.971_3750_N_MILWAUKEE_ST.GJzJP0.jpg,No Clear Architectural Style,Minimal Traditional,Hipped,Concrete - Block,1,5 - Not Altered,Set Back from Sidewalk,No,Window 1: Window Type: Casement - Fixed; Window Features: Rowlock Sill - Tripartite Window - Transom  |  Window 2: Window Type: Casement - Fixed; Window Features: Rowlock Sill - Transom - Grouped Windows,Entrance 1: Entrance Type: Stoop - Low; Entrance Location: Front Facade,,Shingles - Asphalt,,Foundation - Concrete; Shutters,Walkway - Concrete; Fence - Rear,Associated Building and Objects 1: Building/Object Type: Garage - Detached,,Residential,Domestic – Single Dwelling,Domestic – Single Dwelling,None Visible,None Visible,None Visible,None Visible,None Visible
DIS.14778,3885 N MADISON ST,Clayton-MinimalTraditional,Clayton,Minimal Traditional,data/Minimal Traditional/Minimal Traditional - Photos/DDS.896_3885_N_MADISON_ST.esLSbx.jpg,No Clear Architectural Style,Minimal Traditional,Hipped,Brick,1,5 - Not Altered,Set Back from Sidewalk,No,Window 1: Window Type: Fixed - Casement; Window Features: Rowlock Sill - Transom - Tripartite Window - Divided Lights - Some  |  Window 2: Window Type: Casement - Fixed; Window Features: Paired Windows - Rowlock Sill - Transom - Divided Lights - Some  |  Window 3: Window Type: Casement - Fixed; Window Features: Divided Lights - Some - Grouped Windows - Rowlock Sill - Transom  |  Window 4: Window Type: Casement - Fixed; Window Features: Paired Windows - Rowlock Sill,Entrance 1: Entrance Type: Stoop - Low; Entrance Location: Front Facade,,Shingles - Asphalt,,Foundation - Concrete; Brick - Polychromatic,Fence - Front; Fence - Rear; Fence - Right Side; Walkway - Concrete,Associated Building and Objects 1: Building/Object Type: Shed or Storage Building,,Residential,Domestic – Single Dwelling,Domestic – Single Dwelling,None Visible,None Visible,None Visible,None Visible,None Visible
DIS.14778,3885 N MADISON ST,Clayton-MinimalTraditional,Clayton,Minimal Traditional,data/Minimal Traditional/Minimal Traditional - Photos/DDS.896_3885_N_MADISON_ST.Ap5PSZ.jpg,No Clear Architectural Style,Minimal Traditional,Hipped,Brick,1,5 - Not Altered,Set Back from Sidewalk,No,Window 1: Window Type: Fixed - Casement; Window Features: Rowlock Sill - Transom - Tripartite Window - Divided Lights - Some  |  Window 2: Window Type: Casement - Fixed; Window Features: Paired Windows - Rowlock Sill - Transom - Divided Lights - Some  |  Window 3: Window Type: Casement - Fixed; Window Features: Divided Lights - Some - Grouped Windows - Rowlock Sill - Transom  |  Window 4: Window Type: Casement - Fixed; Window Features: Paired Windows - Rowlock Sill,Entrance 1: Entrance Type: Stoop - Low; Entrance Location: Front Facade,,Shingles - Asphalt,,Foundation - Concrete; Brick - Polychromatic,Fence - Front; Fence - Rear; Fence - Right Side; Walkway - Concrete,Associated Building and Objects 1: Building/Object Type: Shed or Storage Building,,Residential,Domestic – Single Dwelling,Domestic – Single Dwelling,None Visible,None Visible,None Visible,None Visible,None Visible
DIS.14778,3885 N MADISON ST,Clayton-MinimalTraditional,Clayton,Minimal Traditional,data/Minimal Traditional/Minimal Traditional - Photos/DDS.896_3885_N_MADISON_ST.4MVU-l.jpg,No Clear Architectural Style,Minimal Traditional,Hipped,Brick,1,5 - Not Altered,Set Back from Sidewalk,No,Window 1: Window Type: Fixed - Casement; Window Features: Rowlock Sill - Transom - Tripartite Window - Divided Lights - Some  |  Window 2: Window Type: Casement - Fixed; Window Features: Paired Windows - Rowlock Sill - Transom - Divided Lights - Some  |  Window 3: Window Type: Casement - Fixed; Window Features: Divided Lights - Some - Grouped Windows - Rowlock Sill - Transom  |  Window 4: Window Type: Casement - Fixed; Window Features: Paired Windows - Rowlock Sill,Entrance 1: Entrance Type: Stoop - Low; Entrance Location: Front Facade,,Shingles - Asphalt,,Foundation - Concrete; Brick - Polychromatic,Fence - Front; Fence - Rear; Fence - Right Side; Walkway - Concrete,Associated Building and Objects 1: Building/Object Type: Shed or Storage Building,,Residential,Domestic – Single Dwelling,Domestic – Single Dwelling,None Visible,None Visible,None Visible,None Visible,None Visible
DIS.14777,3880 N MADISON ST,Clayton-MinimalTraditional,Clayton,Minimal Traditional,data/Minimal Traditional/Minimal Traditional - Photos/DDS.895_3880_N_MADISON_ST.5yQQca.jpg,No Clear Architectural Style,Minimal Traditional,Hipped,Brick,1,5 - Not Altered,Set Back from Sidewalk,No,Window 1: Window Type: Fixed - Casement; Window Features: Divided Lights - Some - Rowlock Sill - Tripartite Window - Transom  |  Window 2: Window Type: Casement - Fixed; Window Features: Paired Windows - Rowlock Sill - Transom - Divided Lights - Some  |  Window 3: Window Type: Casement - Fixed; Window Features: Paired Windows - Rowlock Sill,Entrance 1: Entrance Type: Stoop - Low; Entrance Location: Front Facade,,Shingles - Asphalt,,Brick - Polychromatic,Walkway - Concrete,,,Residential,Domestic – Single Dwelling,Domestic – Single Dwelling,Access Ramp Added,None Visible,None Visible,None Visible,None Visible
DIS.14777,3880 N MADISON ST,Clayton-MinimalTraditional,Clayton,Minimal Traditional,data/Minimal Traditional/Minimal Traditional - Photos/DDS.895_3880_N_MADISON_ST.BjZrC6.jpg,No Clear Architectural Style,Minimal Traditional,Hipped,Brick,1,5 - Not Altered,Set Back from Sidewalk,No,Window 1: Window Type: Fixed - Casement; Window Features: Divided Lights - Some - Rowlock Sill - Tripartite Window - Transom  |  Window 2: Window Type: Casement - Fixed; Window Features: Paired Windows - Rowlock Sill - Transom - Divided Lights - Some  |  Window 3: Window Type: Casement - Fixed; Window Features: Paired Windows - Rowlock Sill,Entrance 1: Entrance Type: Stoop - Low; Entrance Location: Front Facade,,Shingles - Asphalt,,Brick - Polychromatic,Walkway - Concrete,,,Residential,Domestic – Single Dwelling,Domestic – Single Dwelling,Access Ramp Added,None Visible,None Visible,None Visible,None Visible
DIS.14481,3710 E BRUCE RANDOLPH AVE,Clayton-MinimalTraditional,Clayton,Minimal Traditional,data/Minimal Traditional/Minimal Traditional - Photos/DDS.206_3710_E_BRUCE_RANDOLPH_AVE.JRyh3K.jpg,No Clear Architectural Style,Minimal Traditional,Hipped,Concrete - Block,1,5 - Not Altered,Set Back from Sidewalk,No,Window 1: Window Type: Casement - Fixed; Window Features: Grouped Windows - Rowlock Sill - Transom  |  Window 2: Window Type: Casement - Fixed; Window Features: Paired Windows - Transom - Rowlock Sill,Entrance 1: Entrance Type: Porch - Partial Width - Recessed; Entrance Location: Front Facade,,Shingles - Asphalt,,Shutters,Fence - Front; Fence - Left Side; Fence - Right Side; Walkway - Concrete; Driveway - Ribbon,,,Residential,Domestic – Single Dwelling,Domestic – Single Dwelling,None Visible,None Visible,None Visible,None Visible,None Visible
DIS.15132,3641 N JOSEPHINE ST,Clayton-MinimalTraditional,Clayton,Minimal Traditional,data/Minimal Traditional/Minimal Traditional - Photos/DDS.813_3641_N_JOSEPHINE_ST.lKI69t.jpg,No Clear Architectural Style,Minimal Traditional,Hipped,Stucco - Historic,1,5 - Not Altered,Set Back from Sidewalk,No,Window 1: Window Type: Casement - Fixed; Window Features: Grouped Windows - Rowlock Sill - Transom - Divided Lights - Some  |  Window 2: Window Type: Casement - Fixed; Window Features: Paired Windows - Rowlock Sill - Transom - Divided Lights - Some,Entrance 1: Entrance Type: Porch - Partial Width - Projecting; Entrance Location: Front Facade,,Shingles - Asphalt,,Foundation - Concrete; Shutters; Awnings,Fence - Rear; Walkway - Concrete,Associated Building and Objects 1: Building/Object Type: Accessory Dwelling Unit (ADU),,Residential,Domestic – Single Dwelling,Domestic – Single Dwelling,None Visible,None Visible,None Visible,None Visible,None Visible
DIS.15132,3641 N JOSEPHINE ST,Clayton-MinimalTraditional,Clayton,Minimal Traditional,data/Minimal Traditional/Minimal Traditional - Photos/DDS.813_3641_N_JOSEPHINE_ST.RteVer.jpg,No Clear Architectural Style,Minimal Traditional,Hipped,Stucco - Historic,1,5 - Not Altered,Set Back from Sidewalk,No,Window 1: Window Type: Casement - Fixed; Window Features: Grouped Windows - Rowlock Sill - Transom - Divided Lights - Some  |  Window 2: Window Type: Casement - Fixed; Window Features: Paired Windows - Rowlock Sill - Transom - Divided Lights - Some,Entrance 1: Entrance Type: Porch - Partial Width - Projecting; Entrance Location: Front Facade,,Shingles - Asphalt,,Foundation - Concrete; Shutters; Awnings,Fence - Rear; Walkway - Concrete,Associated Building and Objects 1: Building/Object Type: Accessory Dwelling Unit (ADU),,Residential,Domestic – Single Dwelling,Domestic – Single Dwelling,None Visible,None Visible,None Visible,None Visible,None Visible
DIS.15132,3641 N JOSEPHINE ST,Clayton-MinimalTraditional,Clayton,Minimal Traditional,data/Minimal Traditional/Minimal Traditional - Photos/DDS.813_3641_N_JOSEPHINE_ST._EbJn0.jpg,No Clear Architectural Style,Minimal Traditional,Hipped,Stucco - Historic,1,5 - Not Altered,Set Back from Sidewalk,No,Window 1: Window Type: Casement - Fixed; Window Features: Grouped Windows - Rowlock Sill - Transom - Divided Lights - Some  |  Window 2: Window Type: Casement - Fixed; Window Features: Paired Windows - Rowlock Sill - Transom - Divided Lights - Some,Entrance 1: Entrance Type: Porch - Partial Width - Projecting; Entrance Location: Front Facade,,Shingles - Asphalt,,Foundation - Concrete; Shutters; Awnings,Fence - Rear; Walkway - Concrete,Associated Building and Objects 1: Building/Object Type: Accessory Dwelling Unit (ADU),,Residential,Domestic – Single Dwelling,Domestic – Single Dwelling,None Visible,None Visible,None Visible,None Visible,None Visible
DIS.11119,3280 W OHIO AVE,Westwood-MinimalTraditional,Westwood,Minimal Traditional,data/Minimal Traditional/Minimal Traditional - Photos/5DV.53625_3280_W_OHIO_AVE.VNmWCX.jpg,No Clear Architectural Style,Minimal Traditional,Cross Gable,Shingles - Asbestos,1,5 - Not Altered,Set Back from Sidewalk,No,Window 1: Window Type: Fixed; Window Features: Picture Window  |  Window 2: Window Type: Double/Single Hung; Window Features: None,Entrance 1: Entrance Type: Porch - Partial Width - Projecting; Entrance Location: Front Facade  |  Entrance 2: Entrance Type: Stoop - High; Entrance Location: Left Side,,Shingles - Asphalt,,Foundation - Concrete; Gable Vents,Fence - Front; Fence - Left Side; Fence - Rear; Fence - Right Side; Walkway - Concrete; Driveway - Solid,Associated Building and Objects 1: Building/Object Type: Garage – Attached  |  Associated Building and Objects 2: Building/Object Type: Shed or Storage Building,,Residential,Domestic – Single Dwelling,Domestic – Single Dwelling,None Visible,None Visible,None Visible,None Visible,None Visible
DIS.11119,3280 W OHIO AVE,Westwood-MinimalTraditional,Westwood,Minimal Traditional,data/Minimal Traditional/Minimal Traditional - Photos/5DV.53625_3280_W_OHIO_AVE.qvkRgt.jpg,No Clear Architectural Style,Minimal Traditional,Cross Gable,Shingles - Asbestos,1,5 - Not Altered,Set Back from Sidewalk,No,Window 1: Window Type: Fixed; Window Features: Picture Window  |  Window 2: Window Type: Double/Single Hung; Window Features: None,Entrance 1: Entrance Type: Porch - Partial Width - Projecting; Entrance Location: Front Facade  |  Entrance 2: Entrance Type: Stoop - High; Entrance Location: Left Side,,Shingles - Asphalt,,Foundation - Concrete; Gable Vents,Fence - Front; Fence - Left Side; Fence - Rear; Fence - Right Side; Walkway - Concrete; Driveway - Solid,Associated Building and Objects 1: Building/Object Type: Garage – Attached  |  Associated Building and Objects 2: Building/Object Type: Shed or Storage Building,,Residential,Domestic – Single Dwelling,Domestic – Single Dwelling,None Visible,None Visible,None Visible,None Visible,None Visible
DIS.11119,3280 W OHIO AVE,Westwood-MinimalTraditional,Westwood,Minimal Traditional,data/Minimal Traditional/Minimal Traditional - Photos/5DV.53625_3280_W_OHIO_AVE._lS2bK.jpg,No Clear Architectural Style,Minimal Traditional,Cross Gable,Shingles - Asbestos,1,5 - Not Altered,Set Back from Sidewalk,No,Window 1: Window Type: Fixed; Window Features: Picture Window  |  Window 2: Window Type: Double/Single Hung; Window Features: None,Entrance 1: Entrance Type: Porch - Partial Width - Projecting; Entrance Location: Front Facade  |  Entrance 2: Entrance Type: Stoop - High; Entrance Location: Left Side,,Shingles - Asphalt,,Foundation - Concrete; Gable Vents,Fence - Front; Fence - Left Side; Fence - Rear; Fence - Right Side; Walkway - Concrete; Driveway - Solid,Associated Building and Objects 1: Building/Object Type: Garage – Attached  |  Associated Building and Objects 2: Building/Object Type: Shed or Storage Building,,Residential,Domestic – Single Dwelling,Domestic – Single Dwelling,None Visible,None Visible,None Visible,None Visible,None Visible
DIS.11451,565 S PERRY ST,Westwood-MinimalTraditional,Westwood,Minimal Traditional,data/Minimal Traditional/Minimal Traditional - Photos/5DV.54062_565_S_PERRY_ST.BlSKZf.jpg,No Clear Architectural Style,Minimal Traditional,Hipped,Siding - Aluminum,1,5 - Not Altered,Set Back from Sidewalk,No,Window 1: Window Type: Casement - Fixed; Window Features: Tripartite Window - Transom  |  Window 2: Window Type: Casement - Fixed; Window Features: Paired Windows,Entrance 1: Entrance Type: Stoop - Low; Entrance Location: Right Side  |  Entrance 2: Entrance Type: Stoop - Low; Entrance Location: Front Facade,,Shingles - Asphalt,,Awnings,Driveway - Ribbon; Driveway - Unpaved; Fence - Rear; Fence - Right Side; Walkway - Concrete; Fence - Left Side,Associated Building and Objects 1: Building/Object Type: Garage - Detached,,Residential,Domestic – Single Dwelling,Domestic – Single Dwelling,None Visible,None Visible,None Visible,None Visible,None Visible
DIS.11451,565 S PERRY ST,Westwood-MinimalTraditional,Westwood,Minimal Traditional,data/Minimal Traditional/Minimal Traditional - Photos/5DV.54062_565_S_PERRY_ST.b6pqNs.jpg,No Clear Architectural Style,Minimal Traditional,Hipped,Siding - Aluminum,1,5 - Not Altered,Set Back from Sidewalk,No,Window 1: Window Type: Casement - Fixed; Window Features: Tripartite Window - Transom  |  Window 2: Window Type: Casement - Fixed; Window Features: Paired Windows,Entrance 1: Entrance Type: Stoop - Low; Entrance Location: Right Side  |  Entrance 2: Entrance Type: Stoop - Low; Entrance Location: Front Facade,,Shingles - Asphalt,,Awnings,Driveway - Ribbon; Driveway - Unpaved; Fence - Rear; Fence - Right Side; Walkway - Concrete; Fence - Left Side,Associated Building and Objects 1: Building/Object Type: Garage - Detached,,Residential,Domestic – Single Dwelling,Domestic – Single Dwelling,None Visible,None Visible,None Visible,None Visible,None Visible
DIS.11451,565 S PERRY ST,Westwood-MinimalTraditional,Westwood,Minimal Traditional,data/Minimal Traditional/Minimal Traditional - Photos/5DV.54062_565_S_PERRY_ST.IMIP-M.jpg,No Clear Architectural Style,Minimal Traditional,Hipped,Siding - Aluminum,1,5 - Not Altered,Set Back from Sidewalk,No,Window 1: Window Type: Casement - Fixed; Window Features: Tripartite Window - Transom  |  Window 2: Window Type: Casement - Fixed; Window Features: Paired Windows,Entrance 1: Entrance Type: Stoop - Low; Entrance Location: Right Side  |  Entrance 2: Entrance Type: Stoop - Low; Entrance Location: Front Facade,,Shingles - Asphalt,,Awnings,Driveway - Ribbon; Driveway - Unpaved; Fence - Rear; Fence - Right Side; Walkway - Concrete; Fence - Left Side,Associated Building and Objects 1: Building/Object Type: Garage - Detached,,Residential,Domestic – Single Dwelling,Domestic – Single Dwelling,None Visible,None Visible,None Visible,None Visible,None Visible
DIS.10756,3285 W MISSISSIPPI AVE,Westwood-MinimalTraditional,Westwood,Minimal Traditional,data/Minimal Traditional/Minimal Traditional - Photos/5DV.53261_3285_W_MISSISSIPPI_AVE.fJivfx.jpg,No Clear Architectural Style,Minimal Traditional,Hipped,Siding - Aluminum,1,5 - Not Altered,Corner; Set Back from Sidewalk,No,Window 1: Window Type: Casement; Window Features: Tripartite Window  |  Window 2: Window Type: Casement; Window Features: Paired Windows  |  Window 3: Window Type: Hopper/Awning; Window Features: None,Entrance 1: Entrance Type: Porch - Partial Width - Recessed; Entrance Location: Left Side  |  Entrance 2: Entrance Type: Flush Door - No Porch or Stoop; Entrance Location: Rear,,Shingles - Asphalt,,Foundation - Concrete; Awnings,Fence - Rear; Walkway - Concrete; Driveway - Solid,Associated Building and Objects 1: Building/Object Type: Garage - Detached,,Residential,Domestic – Single Dwelling,Domestic – Single Dwelling,None Visible,None Visible,None Visible,None Visible,None Visible
DIS.10756,3285 W MISSISSIPPI AVE,Westwood-MinimalTraditional,Westwood,Minimal Traditional,data/Minimal Traditional/Minimal Traditional - Photos/5DV.53261_3285_W_MISSISSIPPI_AVE.JG_x9B.jpg,No Clear Architectural Style,Minimal Traditional,Hipped,Siding - Aluminum,1,5 - Not Altered,Corner; Set Back from Sidewalk,No,Window 1: Window Type: Casement; Window Features: Tripartite Window  |  Window 2: Window Type: Casement; Window Features: Paired Windows  |  Window 3: Window Type: Hopper/Awning; Window Features: None,Entrance 1: Entrance Type: Porch - Partial Width - Recessed; Entrance Location: Left Side  |  Entrance 2: Entrance Type: Flush Door - No Porch or Stoop; Entrance Location: Rear,,Shingles - Asphalt,,Foundation - Concrete; Awnings,Fence - Rear; Walkway - Concrete; Driveway - Solid,Associated Building and Objects 1: Building/Object Type: Garage - Detached,,Residential,Domestic – Single Dwelling,Domestic – Single Dwelling,None Visible,None Visible,None Visible,None Visible,None Visible
DIS.10756,3285 W MISSISSIPPI AVE,Westwood-MinimalTraditional,Westwood,Minimal Traditional,data/Minimal Traditional/Minimal Traditional - Photos/5DV.53261_3285_W_MISSISSIPPI_AVE.-lponJ.jpg,No Clear Architectural Style,Minimal Traditional,Hipped,Siding - Aluminum,1,5 - Not Altered,Corner; Set Back from Sidewalk,No,Window 1: Window Type: Casement; Window Features: Tripartite Window  |  Window 2: Window Type: Casement; Window Features: Paired Windows  |  Window 3: Window Type: Hopper/Awning; Window Features: None,Entrance 1: Entrance Type: Porch - Partial Width - Recessed; Entrance Location: Left Side  |  Entrance 2: Entrance Type: Flush Door - No Porch or Stoop; Entrance Location: Rear,,Shingles - Asphalt,,Foundation - Concrete; Awnings,Fence - Rear; Walkway - Concrete; Driveway - Solid,Associated Building and Objects 1: Building/Object Type: Garage - Detached,,Residential,Domestic – Single Dwelling,Domestic – Single Dwelling,None Visible,None Visible,None Visible,None Visible,None Visible
DIS.10756,3285 W MISSISSIPPI AVE,Westwood-MinimalTraditional,Westwood,Minimal Traditional,data/Minimal Traditional/Minimal Traditional - Photos/5DV.53261_3285_W_MISSISSIPPI_AVE.-cvp86.jpg,No Clear Architectural Style,Minimal Traditional,Hipped,Siding - Aluminum,1,5 - Not Altered,Corner; Set Back from Sidewalk,No,Window 1: Window Type: Casement; Window Features: Tripartite Window  |  Window 2: Window Type: Casement; Window Features: Paired Windows  |  Window 3: Window Type: Hopper/Awning; Window Features: None,Entrance 1: Entrance Type: Porch - Partial Width - Recessed; Entrance Location: Left Side  |  Entrance 2: Entrance Type: Flush Door - No Porch or Stoop; Entrance Location: Rear,,Shingles - Asphalt,,Foundation - Concrete; Awnings,Fence - Rear; Walkway - Concrete; Driveway - Solid,Associated Building and Objects 1: Building/Object Type: Garage - Detached,,Residential,Domestic – Single Dwelling,Domestic – Single Dwelling,None Visible,None Visible,None Visible,None Visible,None Visible
DIS.10756,3285 W MISSISSIPPI AVE,Westwood-MinimalTraditional,Westwood,Minimal Traditional,data/Minimal Traditional/Minimal Traditional - Photos/5DV.53261_3285_W_MISSISSIPPI_AVE.o4isYu.jpg,No Clear Architectural Style,Minimal Traditional,Hipped,Siding - Aluminum,1,5 - Not Altered,Corner; Set Back from Sidewalk,No,Window 1: Window Type: Casement; Window Features: Tripartite Window  |  Window 2: Window Type: Casement; Window Features: Paired Windows  |  Window 3: Window Type: Hopper/Awning; Window Features: None,Entrance 1: Entrance Type: Porch - Partial Width - Recessed; Entrance Location: Left Side  |  Entrance 2: Entrance Type: Flush Door - No Porch or Stoop; Entrance Location: Rear,,Shingles - Asphalt,,Foundation - Concrete; Awnings,Fence - Rear; Walkway - Concrete; Driveway - Solid,Associated Building and Objects 1: Building/Object Type: Garage - Detached,,Residential,Domestic – Single Dwelling,Domestic – Single Dwelling,None Visible,None Visible,None Visible,None Visible,None Visible
DIS.10364,941 S IRVING ST,Westwood-MinimalTraditional,Westwood,Minimal Traditional,data/Minimal Traditional/Minimal Traditional - Photos/5DV.52869_941_S_IRVING_ST.3mgj5Q.jpg,No Clear Architectural Style,Minimal Traditional,Side Gable,Shingles - Asbestos,1,5 - Not Altered,Set Back from Sidewalk,No,Window 1: Window Type: Double/Single Hung; Window Features: None  |  Window 2: Window Type: Fixed; Window Features: Picture Window  |  Window 3: Window Type: Double/Single Hung; Window Features: Paired Windows,Entrance 1: Entrance Type: Stoop - High; Entrance Location: Front Facade,,Shingles - Asphalt,,Foundation - Concrete; Shutters; Gable Vents,Fence - Front; Fence - Left Side; Fence - Rear; Fence - Right Side; Walkway - Concrete; Fence - Historic,Associated Building and Objects 1: Building/Object Type: Garage - Detached,,Residential,Domestic – Single Dwelling,Domestic – Single Dwelling,Access Ramp Added,None Visible,None Visible,None Visible,None Visible
DIS.10364,941 S IRVING ST,Westwood-MinimalTraditional,Westwood,Minimal Traditional,data/Minimal Traditional/Minimal Traditional - Photos/5DV.52869_941_S_IRVING_ST.V-r_Cs.jpg,No Clear Architectural Style,Minimal Traditional,Side Gable,Shingles - Asbestos,1,5 - Not Altered,Set Back from Sidewalk,No,Window 1: Window Type: Double/Single Hung; Window Features: None  |  Window 2: Window Type: Fixed; Window Features: Picture Window  |  Window 3: Window Type: Double/Single Hung; Window Features: Paired Windows,Entrance 1: Entrance Type: Stoop - High; Entrance Location: Front Facade,,Shingles - Asphalt,,Foundation - Concrete; Shutters; Gable Vents,Fence - Front; Fence - Left Side; Fence - Rear; Fence - Right Side; Walkway - Concrete; Fence - Historic,Associated Building and Objects 1: Building/Object Type: Garage - Detached,,Residential,Domestic – Single Dwelling,Domestic – Single Dwelling,Access Ramp Added,None Visible,None Visible,None Visible,None Visible
DIS.10364,941 S IRVING ST,Westwood-MinimalTraditional,Westwood,Minimal Traditional,data/Minimal Traditional/Minimal Traditional - Photos/5DV.52869_941_S_IRVING_ST.FxO17V.jpg,No Clear Architectural Style,Minimal Traditional,Side Gable,Shingles - Asbestos,1,5 - Not Altered,Set Back from Sidewalk,No,Window 1: Window Type: Double/Single Hung; Window Features: None  |  Window 2: Window Type: Fixed; Window Features: Picture Window  |  Window 3: Window Type: Double/Single Hung; Window Features: Paired Windows,Entrance 1: Entrance Type: Stoop - High; Entrance Location: Front Facade,,Shingles - Asphalt,,Foundation - Concrete; Shutters; Gable Vents,Fence - Front; Fence - Left Side; Fence - Rear; Fence - Right Side; Walkway - Concrete; Fence - Historic,Associated Building and Objects 1: Building/Object Type: Garage - Detached,,Residential,Domestic – Single Dwelling,Domestic – Single Dwelling,Access Ramp Added,None Visible,None Visible,None Visible,None Visible
DIS.10541,570 S KNOX CT,Westwood-MinimalTraditional,Westwood,Minimal Traditional,data/Minimal Traditional/Minimal Traditional - Photos/5DV.53046_570_S_KNOX_CT.GxYF5Z.jpg,No Clear Architectural Style,Minimal Traditional,Side Gable,Siding - Aluminum,1,5 - Not Altered,Set Back from Sidewalk,No,Window 1: Window Type: Double/Single Hung; Window Features: None,Entrance 1: Entrance Location: Front Facade; Entrance Type: Porch - Partial Width - Projecting,,Shingles - Asphalt,,Foundation - Concrete,Fence - Front; Fence - Left Side; Fence - Right Side; Walkway - Concrete,Associated Building and Objects 1: Building/Object Type: Shed or Storage Building,,Residential,Domestic – Single Dwelling,Domestic – Single Dwelling,None Visible,None Visible,None Visible,None Visible,None Visible
DIS.10541,570 S KNOX CT,Westwood-MinimalTraditional,Westwood,Minimal Traditional,data/Minimal Traditional/Minimal Traditional - Photos/5DV.53046_570_S_KNOX_CT.6-YNel.jpg,No Clear Architectural Style,Minimal Traditional,Side Gable,Siding - Aluminum,1,5 - Not Altered,Set Back from Sidewalk,No,Window 1: Window Type: Double/Single Hung; Window Features: None,Entrance 1: Entrance Location: Front Facade; Entrance Type: Porch - Partial Width - Projecting,,Shingles - Asphalt,,Foundation - Concrete,Fence - Front; Fence - Left Side; Fence - Right Side; Walkway - Concrete,Associated Building and Objects 1: Building/Object Type: Shed or Storage Building,,Residential,Domestic – Single Dwelling,Domestic – Single Dwelling,None Visible,None Visible,None Visible,None Visible,None Visible
DIS.10541,570 S KNOX CT,Westwood-MinimalTraditional,Westwood,Minimal Traditional,data/Minimal Traditional/Minimal Traditional - Photos/5DV.53046_570_S_KNOX_CT.vpRYiR.jpg,No Clear Architectural Style,Minimal Traditional,Side Gable,Siding - Aluminum,1,5 - Not Altered,Set Back from Sidewalk,No,Window 1: Window Type: Double/Single Hung; Window Features: None,Entrance 1: Entrance Location: Front Facade; Entrance Type: Porch - Partial Width - Projecting,,Shingles - Asphalt,,Foundation - Concrete,Fence - Front; Fence - Left Side; Fence - Right Side; Walkway - Concrete,Associated Building and Objects 1: Building/Object Type: Shed or Storage Building,,Residential,Domestic – Single Dwelling,Domestic – Single Dwelling,None Visible,None Visible,None Visible,None Visible,None Visible
DIS.12065,3200 W VIRGINIA AVE,Westwood-MinimalTraditional,Westwood,Minimal Traditional,data/Minimal Traditional/Minimal Traditional - Photos/5DV.54676_3200_W_VIRGINIA_AVE.sTuhu8.jpg,No Clear Architectural Style,Minimal Traditional,Cross Gable,"Siding - Horizontal, Unknown Material",1,5 - Not Altered,Set Back from Sidewalk,No,Window 1: Window Type: Fixed; Window Features: Picture Window  |  Window 2: Window Type: Casement - Fixed; Window Features: Divided Lights - Some - Transom - Tripartite Window  |  Window 3: Window Type: Double/Single Hung; Window Features: None  |  Window 4: Window Type: Sliding; Window Features: None,Entrance 1: Entrance Type: Porch - Partial Width - Projecting; Entrance Location: Right Side  |  Entrance 2: Entrance Type: Flush Door - No Porch or Stoop; Entrance Location: Right Side,,Shingles - Asphalt,,Awnings; Foundation - Concrete,Fence - Front; Fence - Left Side; Fence - Right Side; Walkway - Concrete,Associated Building and Objects 1: Building/Object Type: Shed or Storage Building,,Residential,Domestic – Single Dwelling,Domestic – Single Dwelling,None Visible,None Visible,None Visible,None Visible,None Visible
DIS.12065,3200 W VIRGINIA AVE,Westwood-MinimalTraditional,Westwood,Minimal Traditional,data/Minimal Traditional/Minimal Traditional - Photos/5DV.54676_3200_W_VIRGINIA_AVE.BouV9H.jpg,No Clear Architectural Style,Minimal Traditional,Cross Gable,"Siding - Horizontal, Unknown Material",1,5 - Not Altered,Set Back from Sidewalk,No,Window 1: Window Type: Fixed; Window Features: Picture Window  |  Window 2: Window Type: Casement - Fixed; Window Features: Divided Lights - Some - Transom - Tripartite Window  |  Window 3: Window Type: Double/Single Hung; Window Features: None  |  Window 4: Window Type: Sliding; Window Features: None,Entrance 1: Entrance Type: Porch - Partial Width - Projecting; Entrance Location: Right Side  |  Entrance 2: Entrance Type: Flush Door - No Porch or Stoop; Entrance Location: Right Side,,Shingles - Asphalt,,Awnings; Foundation - Concrete,Fence - Front; Fence - Left Side; Fence - Right Side; Walkway - Concrete,Associated Building and Objects 1: Building/Object Type: Shed or Storage Building,,Residential,Domestic – Single Dwelling,Domestic – Single Dwelling,None Visible,None Visible,None Visible,None Visible,None Visible
DIS.12065,3200 W VIRGINIA AVE,Westwood-MinimalTraditional,Westwood,Minimal Traditional,data/Minimal Traditional/Minimal Traditional - Photos/5DV.54676_3200_W_VIRGINIA_AVE.YXpmsB.jpg,No Clear Architectural Style,Minimal Traditional,Cross Gable,"Siding - Horizontal, Unknown Material",1,5 - Not Altered,Set Back from Sidewalk,No,Window 1: Window Type: Fixed; Window Features: Picture Window  |  Window 2: Window Type: Casement - Fixed; Window Features: Divided Lights - Some - Transom - Tripartite Window  |  Window 3: Window Type: Double/Single Hung; Window Features: None  |  Window 4: Window Type: Sliding; Window Features: None,Entrance 1: Entrance Type: Porch - Partial Width - Projecting; Entrance Location: Right Side  |  Entrance 2: Entrance Type: Flush Door - No Porch or Stoop; Entrance Location: Right Side,,Shingles - Asphalt,,Awnings; Foundation - Concrete,Fence - Front; Fence - Left Side; Fence - Right Side; Walkway - Concrete,Associated Building and Objects 1: Building/Object Type: Shed or Storage Building,,Residential,Domestic – Single Dwelling,Domestic – Single Dwelling,None Visible,None Visible,None Visible,None Visible,None Visible
DIS.11565,648 S QUITMAN ST,Westwood-MinimalTraditional,Westwood,Minimal Traditional,data/Minimal Traditional/Minimal Traditional - Photos/5DV.54176_648_S_QUITMAN_ST.waC4cI.jpg,Ranch,Minimal Traditional,Side Gable,Brick,1,5 - Not Altered,Set Back from Sidewalk,No,Window 1: Window Type: Casement - Fixed; Window Location: Front Facade - Right Side; Window Features: Rowlock Sill - Tripartite Window - Transom; Window Material: Metal - Other than steel  |  Window 2: Window Type: Casement; Window Location: Front Facade - Left Side; Window Features: Rowlock Sill - Grouped Windows; Window Material: Metal - Other than steel  |  Window 3: Window Type: Casement; Window Location: Right Side; Window Features: Rowlock Sill - Paired Windows; Window Material: Metal - Other than steel,Entrance 1: Entrance Type: Porch - Partial Width - Projecting; Entrance Location: Front Facade; Door Type: Single,Eaves - Boxed,Shingles - Asphalt,,Awnings; Foundation - Not Visible; Gable Vents,Driveway - Solid; Fence - Left Side; Fence - Rear; Walkway - Concrete,Associated Building and Objects 1: Building/Object Type: Garage - Detached; Building/Object Location: Behind Primary Building,Rectangular Plan,Residential,Domestic – Single Dwelling,Domestic – Single Dwelling,None Visible,None Visible,None Visible,None Visible,None Visible
DIS.11565,648 S QUITMAN ST,Westwood-MinimalTraditional,Westwood,Minimal Traditional,data/Minimal Traditional/Minimal Traditional - Photos/5DV.54176_648_S_QUITMAN_ST.rIzYHA.jpg,Ranch,Minimal Traditional,Side Gable,Brick,1,5 - Not Altered,Set Back from Sidewalk,No,Window 1: Window Type: Casement - Fixed; Window Location: Front Facade - Right Side; Window Features: Rowlock Sill - Tripartite Window - Transom; Window Material: Metal - Other than steel  |  Window 2: Window Type: Casement; Window Location: Front Facade - Left Side; Window Features: Rowlock Sill - Grouped Windows; Window Material: Metal - Other than steel  |  Window 3: Window Type: Casement; Window Location: Right Side; Window Features: Rowlock Sill - Paired Windows; Window Material: Metal - Other than steel,Entrance 1: Entrance Type: Porch - Partial Width - Projecting; Entrance Location: Front Facade; Door Type: Single,Eaves - Boxed,Shingles - Asphalt,,Awnings; Foundation - Not Visible; Gable Vents,Driveway - Solid; Fence - Left Side; Fence - Rear; Walkway - Concrete,Associated Building and Objects 1: Building/Object Type: Garage - Detached; Building/Object Location: Behind Primary Building,Rectangular Plan,Residential,Domestic – Single Dwelling,Domestic – Single Dwelling,None Visible,None Visible,None Visible,None Visible,None Visible
DIS.11565,648 S QUITMAN ST,Westwood-MinimalTraditional,Westwood,Minimal Traditional,data/Minimal Traditional/Minimal Traditional - Photos/5DV.54176_648_S_QUITMAN_ST.MUSxHA.jpg,Ranch,Minimal Traditional,Side Gable,Brick,1,5 - Not Altered,Set Back from Sidewalk,No,Window 1: Window Type: Casement - Fixed; Window Location: Front Facade - Right Side; Window Features: Rowlock Sill - Tripartite Window - Transom; Window Material: Metal - Other than steel  |  Window 2: Window Type: Casement; Window Location: Front Facade - Left Side; Window Features: Rowlock Sill - Grouped Windows; Window Material: Metal - Other than steel  |  Window 3: Window Type: Casement; Window Location: Right Side; Window Features: Rowlock Sill - Paired Windows; Window Material: Metal - Other than steel,Entrance 1: Entrance Type: Porch - Partial Width - Projecting; Entrance Location: Front Facade; Door Type: Single,Eaves - Boxed,Shingles - Asphalt,,Awnings; Foundation - Not Visible; Gable Vents,Driveway - Solid; Fence - Left Side; Fence - Rear; Walkway - Concrete,Associated Building and Objects 1: Building/Object Type: Garage - Detached; Building/Object Location: Behind Primary Building,Rectangular Plan,Residential,Domestic – Single Dwelling,Domestic – Single Dwelling,None Visible,None Visible,None Visible,None Visible,None Visible
DIS.11565,648 S QUITMAN ST,Westwood-MinimalTraditional,Westwood,Minimal Traditional,data/Minimal Traditional/Minimal Traditional - Photos/5DV.54176_648_S_QUITMAN_ST.cXtl6M.jpg,Ranch,Minimal Traditional,Side Gable,Brick,1,5 - Not Altered,Set Back from Sidewalk,No,Window 1: Window Type: Casement - Fixed; Window Location: Front Facade - Right Side; Window Features: Rowlock Sill - Tripartite Window - Transom; Window Material: Metal - Other than steel  |  Window 2: Window Type: Casement; Window Location: Front Facade - Left Side; Window Features: Rowlock Sill - Grouped Windows; Window Material: Metal - Other than steel  |  Window 3: Window Type: Casement; Window Location: Right Side; Window Features: Rowlock Sill - Paired Windows; Window Material: Metal - Other than steel,Entrance 1: Entrance Type: Porch - Partial Width - Projecting; Entrance Location: Front Facade; Door Type: Single,Eaves - Boxed,Shingles - Asphalt,,Awnings; Foundation - Not Visible; Gable Vents,Driveway - Solid; Fence - Left Side; Fence - Rear; Walkway - Concrete,Associated Building and Objects 1: Building/Object Type: Garage - Detached; Building/Object Location: Behind Primary Building,Rectangular Plan,Residential,Domestic – Single Dwelling,Domestic – Single Dwelling,None Visible,None Visible,None Visible,None Visible,None Visible
DIS.11837,545 S STUART ST,Westwood-MinimalTraditional,Westwood,Minimal Traditional,data/Minimal Traditional/Minimal Traditional - Photos/5DV.54448_545_S_STUART_ST.PSvnQX.jpg,No Clear Architectural Style,Minimal Traditional,Side Gable,Siding - Aluminum,1,5 - Not Altered,Set Back from Sidewalk,No,Window 1: Window Type: Sliding  |  Window 2: Window Type: Fixed - Sliding; Window Features: Tripartite Window,Entrance 1: Entrance Type: Stoop - Low; Entrance Location: Front Facade,,Shingles - Asphalt,,Gable Vents,Driveway - Solid; Fence - Left Side; Fence - Rear; Walkway - Concrete; Fence - Right Side,Associated Building and Objects 1: Building/Object Type: Shed or Storage Building,,Residential,Domestic – Single Dwelling,Domestic – Single Dwelling,None Visible,None Visible,None Visible,None Visible,None Visible
DIS.11837,545 S STUART ST,Westwood-MinimalTraditional,Westwood,Minimal Traditional,data/Minimal Traditional/Minimal Traditional - Photos/5DV.54448_545_S_STUART_ST.SBf_E9.jpg,No Clear Architectural Style,Minimal Traditional,Side Gable,Siding - Aluminum,1,5 - Not Altered,Set Back from Sidewalk,No,Window 1: Window Type: Sliding  |  Window 2: Window Type: Fixed - Sliding; Window Features: Tripartite Window,Entrance 1: Entrance Type: Stoop - Low; Entrance Location: Front Facade,,Shingles - Asphalt,,Gable Vents,Driveway - Solid; Fence - Left Side; Fence - Rear; Walkway - Concrete; Fence - Right Side,Associated Building and Objects 1: Building/Object Type: Shed or Storage Building,,Residential,Domestic – Single Dwelling,Domestic – Single Dwelling,None Visible,None Visible,None Visible,None Visible,None Visible
DIS.11837,545 S STUART ST,Westwood-MinimalTraditional,Westwood,Minimal Traditional,data/Minimal Traditional/Minimal Traditional - Photos/5DV.54448_545_S_STUART_ST.BrWTXe.jpg,No Clear Architectural Style,Minimal Traditional,Side Gable,Siding - Aluminum,1,5 - Not Altered,Set Back from Sidewalk,No,Window 1: Window Type: Sliding  |  Window 2: Window Type: Fixed - Sliding; Window Features: Tripartite Window,Entrance 1: Entrance Type: Stoop - Low; Entrance Location: Front Facade,,Shingles - Asphalt,,Gable Vents,Driveway - Solid; Fence - Left Side; Fence - Rear; Walkway - Concrete; Fence - Right Side,Associated Building and Objects 1: Building/Object Type: Shed or Storage Building,,Residential,Domestic – Single Dwelling,Domestic – Single Dwelling,None Visible,None Visible,None Visible,None Visible,None Visible
DIS.10776,4515 W MISSISSIPPI AVE,Westwood-MinimalTraditional,Westwood,Minimal Traditional,data/Minimal Traditional/Minimal Traditional - Photos/5DV.53281_4515_W_MISSISSIPPI_AVE.h5Gw-B.jpg,Ranch,Minimal Traditional,Hipped,Brick,1,5 - Not Altered,Set Back from Sidewalk,No,Window 1: Window Type: Double/Single Hung; Window Features: Divided Lights - Some - Paired Windows - Rowlock Sill  |  Window 2: Window Type: Sliding; Window Features: Rowlock Sill  |  Window 3: Window Type: Fixed - Casement; Window Features: Tripartite Window - Rowlock Sill,Entrance 1: Entrance Type: Stoop - Low; Entrance Location: Front Facade,,Shingles - Asphalt,,Foundation - Concrete; Other Wall Details,Driveway - Solid; Walkway - Concrete,,,Residential,Domestic – Single Dwelling,Domestic – Single Dwelling,None Visible,None Visible,None Visible,None Visible,None Visible
DIS.10776,4515 W MISSISSIPPI AVE,Westwood-MinimalTraditional,Westwood,Minimal Traditional,data/Minimal Traditional/Minimal Traditional - Photos/5DV.53281_4515_W_MISSISSIPPI_AVE.OcSSPp.jpg,Ranch,Minimal Traditional,Hipped,Brick,1,5 - Not Altered,Set Back from Sidewalk,No,Window 1: Window Type: Double/Single Hung; Window Features: Divided Lights - Some - Paired Windows - Rowlock Sill  |  Window 2: Window Type: Sliding; Window Features: Rowlock Sill  |  Window 3: Window Type: Fixed - Casement; Window Features: Tripartite Window - Rowlock Sill,Entrance 1: Entrance Type: Stoop - Low; Entrance Location: Front Facade,,Shingles - Asphalt,,Foundation - Concrete; Other Wall Details,Driveway - Solid; Walkway - Concrete,,,Residential,Domestic – Single Dwelling,Domestic – Single Dwelling,None Visible,None Visible,None Visible,None Visible,None Visible
DIS.10477,4450 W KENTUCKY AVE,Westwood-MinimalTraditional,Westwood,Minimal Traditional,data/Minimal Traditional/Minimal Traditional - Photos/5DV.52982_4450_W_KENTUCKY_AVE.6ZoCIA.jpg,No Clear Architectural Style,Minimal Traditional,Hipped,Concrete - Block,1,5 - Not Altered,Set Back from Sidewalk,No,Window 1: Window Type: Fixed - Casement; Window Features: Rowlock Sill - Tripartite Window  |  Window 2: Window Type: Casement; Window Features: Rowlock Sill,Entrance 1: Entrance Type: Stoop - Low; Entrance Location: Right Side  |  Entrance 2: Entrance Type: Unknown - Not Visible; Entrance Location: Front Facade,,Shingles - Asphalt,,Shutters,Driveway - Solid,Associated Building and Objects 1: Building/Object Type: Garage - Detached,,Residential,Domestic – Single Dwelling,Domestic – Single Dwelling,None Visible,None Visible,None Visible,None Visible,None Visible
DIS.10477,4450 W KENTUCKY AVE,Westwood-MinimalTraditional,Westwood,Minimal Traditional,data/Minimal Traditional/Minimal Traditional - Photos/5DV.52982_4450_W_KENTUCKY_AVE.bSi1_Q.jpg,No Clear Architectural Style,Minimal Traditional,Hipped,Concrete - Block,1,5 - Not Altered,Set Back from Sidewalk,No,Window 1: Window Type: Fixed - Casement; Window Features: Rowlock Sill - Tripartite Window  |  Window 2: Window Type: Casement; Window Features: Rowlock Sill,Entrance 1: Entrance Type: Stoop - Low; Entrance Location: Right Side  |  Entrance 2: Entrance Type: Unknown - Not Visible; Entrance Location: Front Facade,,Shingles - Asphalt,,Shutters,Driveway - Solid,Associated Building and Objects 1: Building/Object Type: Garage - Detached,,Residential,Domestic – Single Dwelling,Domestic – Single Dwelling,None Visible,None Visible,None Visible,None Visible,None Visible
